sample_index,label,counts_json,shots_observed
0,0,"{""0111"": 48, ""1011"": 740, ""1111"": 25, ""0100"": 15, ""0011"": 109, ""1110"": 24, ""0001"": 26, ""1010"": 13, ""0110"": 7, ""1001"": 3, ""1100"": 5, ""0010"": 2, ""0101"": 5, ""1101"": 2}",1024
1,0,"{""1011"": 730, ""0011"": 86, ""0111"": 57, ""1110"": 22, ""1001"": 20, ""0001"": 18, ""1111"": 46, ""0100"": 16, ""1101"": 3, ""0110"": 7, ""1100"": 4, ""1010"": 6, ""0000"": 3, ""0101"": 1, ""0010"": 5}",1024
2,0,"{""0011"": 786, ""0001"": 16, ""1011"": 50, ""1101"": 8, ""0100"": 6, ""0101"": 6, ""0111"": 26, ""1000"": 4, ""0110"": 30, ""1100"": 13, ""0010"": 10, ""1111"": 44, ""1001"": 17, ""1010"": 4, ""1110"": 3, ""0000"": 1}",1024
3,0,"{""1011"": 805, ""1110"": 34, ""0011"": 25, ""1111"": 38, ""1000"": 5, ""0111"": 31, ""1010"": 10, ""0101"": 7, ""0001"": 21, ""0100"": 15, ""0110"": 7, ""1001"": 13, ""0000"": 4, ""0010"": 1, ""1101"": 6, ""1100"": 2}",1024
4,0,"{""0011"": 278, ""1011"": 565, ""1001"": 13, ""1111"": 48, ""0111"": 42, ""1110"": 21, ""0110"": 11, ""0100"": 13, ""0001"": 12, ""1000"": 3, ""1010"": 4, ""0101"": 4, ""1101"": 2, ""1100"": 5, ""0010"": 2, ""0000"": 1}",1024
5,1,"{""0011"": 575, ""0001"": 10, ""1100"": 11, ""1011"": 287, ""0111"": 31, ""0110"": 9, ""1111"": 44, ""1001"": 19, ""0010"": 7, ""1010"": 4, ""1110"": 7, ""0100"": 8, ""1101"": 3, ""0101"": 5, ""0000"": 2, ""1000"": 2}",1024
6,1,"{""1010"": 4, ""0011"": 598, ""1001"": 19, ""1011"": 267, ""1101"": 7, ""0001"": 20, ""0111"": 27, ""1110"": 15, ""1111"": 42, ""0110"": 7, ""1000"": 3, ""1100"": 6, ""0100"": 4, ""0101"": 2, ""0010"": 3}",1024
7,1,"{""0011"": 571, ""1011"": 312, ""1100"": 14, ""1111"": 29, ""1001"": 18, ""0111"": 19, ""0101"": 6, ""0010"": 11, ""1110"": 9, ""0001"": 13, ""1010"": 4, ""1000"": 1, ""0110"": 8, ""0100"": 5, ""1101"": 3, ""0000"": 1}",1024
8,1,"{""1011"": 749, ""0111"": 59, ""0011"": 81, ""0010"": 4, ""1101"": 3, ""1000"": 4, ""1111"": 41, ""1110"": 17, ""0110"": 8, ""0101"": 4, ""0001"": 11, ""0100"": 23, ""1010"": 5, ""1001"": 11, ""1100"": 4}",1024
9,0,"{""1011"": 777, ""0011"": 80, ""1010"": 9, ""0110"": 5, ""1001"": 10, ""1111"": 27, ""0100"": 21, ""0001"": 20, ""0111"": 44, ""1110"": 22, ""1101"": 3, ""1100"": 3, ""0010"": 1, ""0101"": 2}",1024
10,0,"{""0011"": 328, ""1011"": 533, ""1111"": 52, ""1001"": 14, ""0111"": 24, ""0101"": 2, ""0001"": 14, ""0010"": 6, ""1100"": 10, ""0110"": 10, ""0000"": 2, ""0100"": 9, ""1010"": 2, ""1101"": 6, ""1000"": 1, ""1110"": 11}",1024
11,0,"{""0001"": 18, ""1011"": 817, ""1100"": 1, ""0011"": 42, ""1111"": 19, ""0111"": 54, ""0100"": 16, ""1101"": 6, ""1010"": 9, ""0101"": 5, ""1110"": 15, ""1001"": 13, ""0000"": 1, ""0110"": 6, ""1000"": 1, ""0010"": 1}",1024
12,0,"{""1011"": 716, ""0011"": 119, ""1111"": 29, ""1110"": 23, ""0111"": 41, ""0110"": 7, ""1010"": 10, ""0100"": 24, ""0101"": 7, ""0001"": 20, ""0000"": 2, ""1001"": 12, ""1101"": 4, ""1000"": 1, ""0010"": 4, ""1100"": 5}",1024
13,1,"{""1011"": 334, ""0011"": 514, ""0111"": 55, ""1111"": 33, ""0001"": 12, ""1100"": 13, ""1110"": 7, ""0100"": 9, ""0010"": 6, ""1001"": 16, ""0110"": 11, ""1010"": 5, ""0101"": 3, ""1101"": 4, ""0000"": 2}",1024
14,1,"{""0011"": 313, ""0111"": 33, ""1100"": 10, ""1011"": 545, ""0110"": 12, ""0010"": 4, ""0001"": 14, ""1110"": 18, ""1010"": 6, ""1111"": 38, ""0100"": 7, ""1101"": 5, ""0000"": 3, ""1001"": 10, ""1000"": 2, ""0101"": 4}",1024
15,0,"{""0011"": 394, ""1011"": 437, ""0111"": 45, ""0001"": 26, ""1111"": 44, ""1101"": 4, ""0010"": 5, ""0110"": 11, ""1010"": 6, ""1100"": 11, ""1110"": 12, ""0100"": 10, ""1001"": 12, ""0101"": 5, ""0000"": 1, ""1000"": 1}",1024
16,0,"{""1011"": 682, ""0011"": 168, ""1111"": 41, ""0111"": 30, ""1100"": 5, ""0100"": 18, ""1001"": 13, ""1101"": 6, ""0101"": 6, ""1010"": 4, ""0001"": 20, ""0110"": 8, ""0000"": 2, ""1110"": 19, ""1000"": 1, ""0010"": 1}",1024
17,0,"{""1011"": 794, ""1010"": 5, ""0001"": 15, ""1110"": 37, ""0011"": 31, ""0100"": 14, ""0111"": 65, ""1000"": 5, ""0101"": 5, ""1001"": 14, ""1111"": 27, ""1100"": 2, ""0110"": 5, ""0000"": 1, ""1101"": 2, ""0010"": 2}",1024
18,1,"{""0011"": 395, ""1011"": 451, ""1001"": 13, ""0111"": 57, ""0001"": 20, ""0101"": 4, ""1110"": 11, ""1000"": 2, ""1100"": 9, ""1111"": 26, ""0110"": 8, ""0100"": 9, ""1101"": 4, ""0000"": 3, ""1010"": 6, ""0010"": 6}",1024
19,0,"{""1110"": 29, ""0011"": 146, ""1011"": 714, ""0100"": 12, ""1000"": 5, ""1111"": 22, ""0111"": 38, ""0001"": 12, ""1001"": 10, ""1010"": 6, ""0010"": 2, ""1101"": 4, ""0101"": 8, ""0110"": 9, ""1100"": 5, ""0000"": 2}",1024
20,0,"{""1011"": 568, ""0011"": 281, ""1111"": 37, ""0110"": 19, ""0101"": 12, ""1110"": 22, ""0100"": 10, ""0001"": 18, ""1010"": 6, ""1100"": 6, ""0111"": 29, ""1001"": 10, ""1101"": 4, ""0000"": 2}",1024
21,1,"{""1001"": 20, ""1011"": 492, ""0011"": 341, ""1100"": 8, ""0110"": 10, ""1111"": 37, ""0001"": 12, ""1010"": 7, ""0111"": 56, ""0100"": 15, ""0101"": 5, ""1110"": 7, ""1101"": 6, ""0000"": 3, ""1000"": 3, ""0010"": 2}",1024
22,1,"{""1011"": 778, ""0101"": 2, ""0111"": 59, ""0011"": 55, ""1110"": 25, ""1010"": 5, ""1001"": 8, ""1111"": 23, ""0100"": 23, ""0001"": 20, ""0010"": 7, ""0000"": 2, ""0110"": 6, ""1101"": 5, ""1100"": 4, ""1000"": 2}",1024
23,1,"{""1011"": 636, ""0100"": 17, ""0011"": 197, ""0101"": 5, ""1010"": 6, ""1111"": 57, ""1110"": 12, ""0111"": 41, ""1001"": 15, ""1100"": 4, ""1000"": 2, ""0001"": 12, ""0000"": 1, ""0110"": 13, ""1101"": 3, ""0010"": 3}",1024
24,1,"{""1011"": 741, ""0100"": 11, ""0011"": 116, ""1001"": 11, ""0111"": 44, ""0001"": 24, ""1110"": 25, ""1111"": 24, ""1010"": 5, ""0000"": 2, ""1100"": 2, ""1101"": 2, ""0110"": 10, ""0010"": 4, ""0101"": 3}",1024
25,1,"{""1011"": 576, ""0001"": 19, ""0011"": 264, ""1010"": 5, ""1111"": 51, ""0000"": 3, ""0111"": 37, ""1001"": 14, ""0110"": 12, ""0100"": 10, ""0101"": 4, ""1110"": 17, ""1101"": 6, ""1100"": 3, ""0010"": 2, ""1000"": 1}",1024
26,1,"{""0100"": 21, ""1011"": 730, ""0011"": 104, ""1110"": 21, ""0001"": 19, ""1111"": 30, ""0111"": 45, ""1001"": 16, ""1101"": 5, ""0010"": 3, ""1010"": 5, ""0110"": 15, ""0000"": 2, ""1100"": 6, ""0101"": 1, ""1000"": 1}",1024
27,0,"{""0011"": 812, ""1100"": 15, ""1011"": 23, ""1111"": 59, ""1001"": 11, ""0110"": 28, ""0111"": 34, ""1010"": 2, ""0010"": 9, ""0101"": 4, ""1000"": 3, ""0001"": 10, ""1101"": 8, ""1110"": 4, ""0000"": 2}",1024
28,0,"{""1011"": 799, ""0111"": 53, ""0011"": 41, ""1001"": 18, ""1010"": 8, ""1110"": 17, ""0001"": 16, ""1111"": 27, ""0101"": 7, ""0000"": 1, ""0100"": 18, ""1101"": 4, ""1000"": 4, ""0110"": 8, ""0010"": 3}",1024
29,1,"{""1011"": 805, ""1010"": 10, ""0111"": 47, ""1100"": 2, ""0011"": 30, ""1111"": 30, ""1110"": 30, ""1000"": 2, ""1001"": 13, ""0010"": 4, ""0101"": 7, ""0110"": 11, ""0001"": 14, ""0100"": 16, ""1101"": 2, ""0000"": 1}",1024
30,1,"{""1011"": 803, ""0001"": 14, ""0111"": 52, ""1010"": 9, ""1110"": 30, ""0011"": 40, ""1111"": 28, ""1100"": 5, ""0100"": 10, ""1001"": 14, ""0101"": 2, ""0110"": 7, ""1000"": 2, ""1101"": 4, ""0000"": 2, ""0010"": 2}",1024
31,1,"{""0011"": 248, ""1011"": 615, ""1001"": 14, ""1111"": 42, ""1110"": 12, ""0100"": 16, ""0111"": 33, ""0110"": 10, ""0101"": 4, ""1100"": 4, ""1101"": 8, ""0001"": 9, ""1010"": 3, ""1000"": 2, ""0010"": 4}",1024
32,0,"{""1011"": 707, ""0101"": 4, ""0100"": 18, ""0001"": 23, ""0011"": 137, ""1111"": 33, ""1100"": 6, ""0111"": 48, ""0010"": 6, ""1110"": 19, ""1001"": 10, ""1101"": 3, ""1010"": 4, ""0110"": 6}",1024
33,0,"{""1011"": 796, ""1110"": 35, ""0011"": 36, ""0101"": 8, ""0111"": 54, ""0000"": 5, ""0001"": 18, ""1111"": 29, ""0010"": 5, ""1010"": 4, ""1001"": 9, ""0110"": 6, ""1101"": 2, ""0100"": 14, ""1000"": 3}",1024
34,0,"{""1011"": 769, ""0101"": 3, ""1101"": 8, ""0100"": 15, ""0011"": 82, ""0010"": 6, ""0111"": 50, ""1111"": 19, ""1110"": 26, ""1000"": 1, ""1010"": 7, ""0110"": 9, ""0001"": 15, ""1001"": 8, ""1100"": 6}",1024
35,0,"{""1011"": 753, ""1100"": 3, ""0011"": 70, ""0001"": 15, ""0111"": 62, ""0100"": 22, ""0101"": 6, ""0010"": 4, ""1111"": 27, ""1010"": 11, ""1110"": 21, ""0110"": 12, ""1101"": 2, ""1001"": 12, ""1000"": 2, ""0000"": 2}",1024
36,0,"{""1011"": 724, ""0011"": 91, ""1111"": 35, ""0100"": 22, ""1110"": 18, ""0111"": 62, ""1001"": 10, ""0101"": 10, ""0000"": 2, ""1010"": 11, ""0110"": 9, ""0001"": 15, ""0010"": 7, ""1000"": 4, ""1101"": 3, ""1100"": 1}",1024
37,1,"{""1111"": 35, ""0011"": 505, ""0111"": 40, ""1011"": 351, ""1001"": 18, ""0101"": 5, ""0100"": 10, ""0110"": 10, ""1101"": 4, ""0010"": 3, ""1110"": 13, ""0000"": 1, ""0001"": 13, ""1010"": 7, ""1100"": 6, ""1000"": 3}",1024
38,1,"{""1011"": 747, ""0011"": 81, ""0111"": 67, ""0100"": 16, ""0110"": 8, ""1111"": 24, ""1001"": 14, ""1110"": 26, ""1101"": 3, ""1010"": 7, ""1100"": 5, ""0010"": 4, ""0001"": 15, ""0000"": 3, ""0101"": 3, ""1000"": 1}",1024
39,0,"{""1011"": 781, ""0011"": 59, ""0111"": 45, ""1101"": 7, ""1110"": 20, ""1111"": 25, ""0001"": 19, ""1010"": 11, ""0110"": 9, ""0100"": 16, ""1100"": 3, ""0010"": 3, ""0000"": 6, ""1001"": 12, ""0101"": 4, ""1000"": 4}",1024
40,1,"{""0011"": 663, ""1011"": 199, ""1100"": 15, ""0100"": 5, ""0111"": 27, ""1001"": 21, ""1110"": 7, ""0010"": 6, ""0110"": 8, ""0101"": 2, ""1111"": 40, ""0001"": 19, ""1101"": 6, ""0000"": 2, ""1010"": 3, ""1000"": 1}",1024
41,1,"{""1011"": 811, ""0110"": 8, ""1111"": 30, ""0111"": 55, ""1110"": 19, ""0011"": 32, ""1010"": 12, ""0001"": 16, ""1100"": 2, ""0100"": 20, ""0000"": 4, ""1001"": 5, ""1000"": 1, ""0010"": 4, ""0101"": 5}",1024
42,1,"{""1011"": 815, ""1110"": 23, ""1111"": 29, ""0111"": 46, ""1010"": 12, ""1001"": 12, ""0011"": 25, ""0010"": 3, ""0001"": 19, ""0100"": 18, ""0101"": 9, ""1101"": 5, ""0110"": 4, ""0000"": 3, ""1100"": 1}",1024
43,1,"{""0011"": 182, ""0110"": 6, ""1011"": 655, ""0001"": 13, ""1111"": 49, ""1110"": 23, ""1001"": 15, ""1010"": 6, ""0111"": 43, ""0100"": 10, ""0101"": 5, ""1101"": 7, ""1100"": 7, ""0000"": 3}",1024
44,1,"{""1011"": 814, ""1001"": 10, ""0111"": 52, ""1101"": 5, ""0100"": 16, ""1110"": 19, ""0110"": 10, ""0011"": 39, ""1111"": 21, ""0001"": 12, ""1010"": 7, ""0101"": 6, ""1100"": 5, ""0000"": 4, ""0010"": 3, ""1000"": 1}",1024
45,0,"{""0011"": 534, ""1011"": 347, ""0100"": 8, ""0110"": 12, ""1100"": 12, ""0001"": 9, ""0010"": 6, ""1001"": 18, ""1111"": 23, ""1110"": 11, ""0111"": 29, ""0101"": 5, ""0000"": 3, ""1000"": 3, ""1101"": 2, ""1010"": 2}",1024
46,0,"{""1011"": 371, ""0011"": 480, ""0111"": 48, ""1010"": 7, ""1110"": 8, ""0110"": 10, ""1001"": 18, ""0010"": 7, ""1111"": 17, ""0001"": 19, ""1100"": 18, ""0100"": 8, ""0101"": 4, ""1000"": 4, ""0000"": 2, ""1101"": 3}",1024
47,1,"{""0011"": 710, ""1011"": 170, ""0010"": 4, ""1001"": 20, ""0100"": 5, ""1100"": 14, ""0110"": 17, ""1111"": 41, ""0001"": 12, ""1010"": 5, ""0111"": 12, ""0101"": 4, ""1101"": 4, ""1110"": 3, ""0000"": 2, ""1000"": 1}",1024
48,0,"{""1011"": 811, ""1111"": 29, ""0111"": 46, ""1110"": 28, ""0010"": 2, ""0011"": 25, ""1101"": 5, ""0101"": 6, ""0001"": 25, ""0100"": 21, ""1001"": 18, ""1010"": 3, ""0110"": 3, ""1000"": 1, ""0000"": 1}",1024
49,1,"{""1011"": 757, ""0100"": 22, ""1111"": 19, ""1110"": 23, ""0011"": 98, ""0111"": 41, ""1001"": 13, ""1100"": 9, ""0001"": 17, ""1101"": 5, ""1010"": 5, ""0010"": 4, ""0000"": 2, ""0101"": 4, ""0110"": 4, ""1000"": 1}",1024
50,1,"{""0011"": 783, ""0110"": 15, ""1001"": 18, ""0111"": 26, ""1011"": 86, ""1000"": 1, ""0000"": 1, ""1100"": 12, ""1111"": 38, ""1010"": 4, ""0001"": 14, ""0101"": 5, ""1110"": 4, ""1101"": 9, ""0010"": 7, ""0100"": 1}",1024
51,0,"{""0011"": 269, ""1011"": 589, ""0111"": 28, ""0001"": 14, ""0100"": 18, ""1101"": 6, ""1100"": 11, ""1111"": 47, ""0110"": 4, ""0010"": 1, ""0101"": 4, ""1010"": 5, ""1110"": 14, ""1001"": 10, ""0000"": 2, ""1000"": 2}",1024
52,0,"{""1011"": 792, ""1111"": 39, ""0111"": 60, ""0011"": 34, ""1010"": 10, ""0101"": 5, ""1110"": 23, ""1001"": 12, ""1100"": 2, ""0100"": 22, ""1000"": 2, ""0001"": 8, ""0110"": 7, ""1101"": 6, ""0000"": 2}",1024
53,0,"{""1011"": 413, ""0011"": 416, ""1001"": 21, ""0111"": 45, ""0001"": 23, ""0100"": 15, ""1100"": 8, ""0010"": 4, ""1111"": 34, ""0110"": 11, ""1110"": 6, ""1010"": 7, ""1000"": 5, ""1101"": 9, ""0000"": 4, ""0101"": 3}",1024
54,1,"{""0001"": 20, ""1011"": 568, ""0011"": 301, ""0100"": 11, ""1100"": 11, ""0111"": 27, ""1111"": 40, ""0101"": 6, ""0010"": 6, ""1110"": 7, ""1101"": 4, ""0000"": 1, ""0110"": 9, ""1001"": 7, ""1010"": 5, ""1000"": 1}",1024
55,1,"{""1011"": 705, ""1110"": 28, ""0011"": 153, ""0110"": 10, ""1100"": 2, ""0100"": 12, ""1001"": 16, ""0111"": 26, ""1111"": 38, ""0001"": 19, ""0000"": 3, ""1010"": 7, ""1101"": 3, ""1000"": 1, ""0101"": 1}",1024
56,1,"{""1011"": 674, ""0011"": 155, ""0110"": 7, ""1111"": 46, ""0001"": 18, ""1110"": 28, ""1101"": 5, ""0111"": 40, ""0100"": 18, ""0101"": 10, ""1010"": 4, ""1001"": 10, ""0010"": 3, ""0000"": 2, ""1000"": 2, ""1100"": 2}",1024
57,1,"{""1011"": 823, ""0100"": 13, ""1111"": 30, ""0011"": 22, ""0111"": 46, ""0001"": 22, ""1000"": 1, ""1110"": 29, ""1100"": 3, ""1010"": 6, ""0110"": 10, ""1001"": 8, ""0000"": 4, ""0010"": 1, ""0101"": 4, ""1101"": 2}",1024
58,1,"{""0011"": 786, ""0111"": 22, ""1011"": 89, ""1001"": 20, ""0101"": 3, ""0010"": 11, ""1111"": 37, ""0110"": 10, ""0001"": 9, ""1101"": 11, ""1100"": 15, ""1110"": 4, ""1000"": 3, ""0000"": 1, ""1010"": 3}",1024
59,1,"{""0001"": 8, ""0011"": 427, ""0000"": 2, ""1011"": 438, ""0111"": 37, ""0010"": 5, ""1110"": 12, ""1001"": 16, ""0110"": 12, ""1101"": 4, ""1111"": 21, ""0100"": 13, ""0101"": 5, ""1010"": 8, ""1100"": 14, ""1000"": 2}",1024
60,0,"{""0011"": 188, ""0101"": 5, ""1011"": 650, ""1111"": 41, ""0100"": 10, ""0010"": 8, ""1001"": 16, ""0000"": 2, ""0111"": 30, ""0001"": 18, ""1110"": 21, ""1101"": 5, ""1010"": 7, ""1100"": 13, ""1000"": 2, ""0110"": 8}",1024
61,1,"{""0011"": 679, ""0010"": 9, ""1110"": 8, ""1011"": 175, ""1100"": 19, ""1111"": 45, ""0001"": 15, ""0111"": 18, ""0110"": 13, ""1001"": 28, ""1101"": 8, ""0100"": 5, ""1000"": 1, ""0000"": 1}",1024
62,1,"{""1111"": 49, ""1011"": 691, ""0011"": 144, ""0101"": 6, ""1110"": 25, ""0111"": 38, ""0100"": 9, ""0010"": 3, ""0110"": 9, ""1101"": 5, ""1000"": 1, ""1001"": 15, ""1100"": 4, ""0001"": 15, ""0000"": 4, ""1010"": 6}",1024
63,0,"{""0011"": 346, ""1011"": 483, ""0010"": 3, ""0000"": 3, ""1001"": 19, ""0001"": 18, ""1100"": 7, ""0111"": 40, ""1110"": 15, ""1111"": 48, ""0110"": 16, ""0100"": 14, ""0101"": 3, ""1010"": 6, ""1101"": 3}",1024
64,0,"{""1111"": 46, ""1011"": 725, ""1110"": 23, ""0011"": 114, ""0111"": 42, ""0001"": 21, ""0110"": 10, ""0101"": 10, ""0100"": 12, ""1101"": 3, ""1001"": 9, ""0010"": 3, ""1010"": 3, ""1100"": 2, ""1000"": 1}",1024
65,0,"{""1011"": 799, ""0011"": 43, ""1000"": 4, ""1111"": 22, ""1101"": 7, ""0101"": 7, ""0000"": 4, ""0001"": 27, ""0111"": 49, ""1110"": 29, ""0010"": 2, ""1100"": 5, ""1001"": 10, ""0100"": 10, ""1010"": 6}",1024
66,0,"{""1011"": 749, ""1110"": 19, ""0101"": 7, ""1111"": 37, ""0011"": 82, ""1010"": 10, ""0111"": 45, ""0001"": 20, ""1100"": 3, ""0100"": 23, ""1001"": 9, ""0000"": 8, ""1000"": 1, ""0110"": 4, ""1101"": 3, ""0010"": 4}",1024
67,0,"{""1011"": 437, ""0011"": 410, ""0111"": 38, ""0010"": 8, ""1001"": 17, ""1111"": 36, ""1100"": 8, ""1010"": 6, ""0100"": 8, ""0001"": 22, ""1000"": 3, ""1110"": 10, ""1101"": 7, ""0101"": 2, ""0110"": 10, ""0000"": 2}",1024
68,0,"{""1011"": 761, ""0011"": 78, ""1000"": 7, ""1110"": 24, ""0100"": 19, ""0111"": 49, ""1001"": 15, ""0101"": 5, ""0110"": 10, ""1111"": 22, ""0001"": 20, ""1010"": 5, ""1101"": 4, ""1100"": 4, ""0000"": 1}",1024
69,0,"{""1011"": 255, ""0011"": 611, ""0010"": 6, ""1010"": 4, ""1100"": 9, ""1111"": 48, ""0110"": 9, ""0111"": 22, ""1101"": 8, ""1001"": 20, ""1000"": 2, ""1110"": 9, ""0000"": 1, ""0001"": 12, ""0100"": 7, ""0101"": 1}",1024
70,0,"{""1111"": 41, ""0011"": 271, ""1011"": 588, ""0001"": 17, ""1001"": 16, ""1100"": 7, ""0111"": 18, ""1110"": 20, ""1000"": 3, ""0110"": 11, ""1010"": 9, ""1101"": 1, ""0000"": 1, ""0100"": 12, ""0010"": 4, ""0101"": 5}",1024
71,1,"{""1011"": 737, ""1111"": 36, ""0111"": 50, ""0011"": 93, ""0101"": 4, ""0100"": 29, ""1001"": 7, ""0001"": 15, ""0000"": 3, ""1000"": 2, ""1110"": 23, ""1010"": 10, ""1100"": 5, ""0110"": 3, ""1101"": 4, ""0010"": 3}",1024
72,1,"{""1011"": 805, ""1111"": 33, ""0100"": 14, ""0001"": 18, ""0111"": 53, ""0101"": 1, ""1010"": 8, ""0011"": 38, ""0010"": 3, ""1000"": 4, ""0110"": 3, ""1001"": 14, ""1100"": 7, ""1110"": 21, ""0000"": 1, ""1101"": 1}",1024
73,1,"{""1011"": 765, ""0100"": 18, ""1010"": 10, ""0011"": 72, ""0111"": 48, ""1101"": 6, ""1001"": 16, ""1110"": 22, ""0110"": 12, ""1111"": 26, ""0001"": 13, ""0101"": 5, ""1100"": 1, ""0010"": 6, ""1000"": 2, ""0000"": 2}",1024
74,1,"{""1110"": 14, ""1011"": 770, ""1111"": 21, ""0011"": 103, ""0001"": 15, ""1100"": 9, ""0111"": 42, ""0100"": 12, ""1010"": 4, ""1101"": 3, ""0101"": 6, ""1001"": 15, ""0110"": 7, ""0000"": 1, ""0010"": 2}",1024
75,0,"{""1011"": 477, ""0011"": 397, ""1111"": 17, ""0111"": 32, ""1010"": 5, ""0110"": 15, ""0100"": 9, ""1110"": 18, ""0001"": 14, ""1000"": 2, ""1100"": 12, ""1001"": 16, ""0000"": 2, ""0010"": 4, ""1101"": 3, ""0101"": 1}",1024
76,1,"{""1011"": 752, ""1111"": 23, ""0011"": 104, ""1110"": 20, ""0111"": 41, ""0110"": 6, ""1010"": 9, ""1001"": 14, ""0001"": 21, ""0100"": 17, ""1100"": 5, ""1000"": 1, ""0010"": 5, ""1101"": 4, ""0000"": 1, ""0101"": 1}",1024
77,1,"{""1011"": 793, ""0111"": 53, ""0100"": 9, ""0011"": 63, ""0001"": 13, ""1110"": 31, ""1101"": 5, ""1111"": 27, ""1000"": 2, ""1001"": 5, ""0101"": 5, ""1010"": 8, ""0000"": 3, ""0110"": 4, ""0010"": 2, ""1100"": 1}",1024
78,0,"{""1011"": 803, ""0001"": 21, ""0011"": 25, ""0110"": 5, ""0111"": 53, ""1111"": 25, ""1110"": 30, ""0101"": 6, ""0100"": 21, ""1010"": 10, ""1101"": 1, ""1001"": 12, ""1100"": 6, ""0010"": 4, ""1000"": 2}",1024
79,0,"{""0011"": 513, ""1011"": 324, ""0110"": 15, ""1001"": 20, ""1111"": 36, ""1101"": 6, ""0111"": 38, ""0001"": 21, ""1000"": 3, ""0101"": 4, ""0010"": 5, ""0000"": 4, ""1100"": 12, ""0100"": 12, ""1110"": 8, ""1010"": 3}",1024
