purpose,i,j,model_requested,circuit_index,counts_json,shots_observed
valid_vqc,0,-1,vqc,0,"{""1001"": 74, ""0011"": 14, ""0110"": 21, ""1110"": 3, ""1100"": 76, ""0101"": 4, ""0001"": 5, ""0010"": 15, ""1010"": 3, ""1000"": 8, ""0100"": 12, ""0111"": 13, ""1101"": 4, ""1011"": 3, ""0000"": 1}",256
valid_vqc,1,-1,vqc,1,"{""0110"": 94, ""1000"": 19, ""1100"": 41, ""0100"": 6, ""1110"": 8, ""1001"": 15, ""0011"": 44, ""0001"": 3, ""0111"": 2, ""1101"": 6, ""0010"": 10, ""1010"": 5, ""1011"": 1, ""0101"": 1, ""0000"": 1}",256
valid_vqc,2,-1,vqc,2,"{""1001"": 77, ""0100"": 20, ""0110"": 20, ""1100"": 78, ""0010"": 15, ""0111"": 11, ""1000"": 7, ""1101"": 4, ""0001"": 6, ""1011"": 2, ""0000"": 3, ""1110"": 2, ""0011"": 8, ""1010"": 2, ""1111"": 1}",256
valid_vqc,3,-1,vqc,3,"{""1000"": 8, ""1100"": 86, ""1001"": 74, ""0100"": 15, ""0001"": 6, ""0011"": 9, ""0111"": 14, ""0010"": 11, ""0110"": 15, ""1101"": 5, ""1111"": 2, ""1011"": 4, ""1110"": 3, ""1010"": 4}",256
valid_vqc,4,-1,vqc,4,"{""0110"": 88, ""1100"": 44, ""1000"": 24, ""1010"": 2, ""1110"": 7, ""0011"": 47, ""1001"": 15, ""1011"": 8, ""1101"": 7, ""0100"": 4, ""0010"": 5, ""0001"": 1, ""0111"": 2, ""0000"": 2}",256
valid_vqc,5,-1,vqc,5,"{""0110"": 10, ""1100"": 89, ""0100"": 83, ""1110"": 16, ""1010"": 15, ""0101"": 2, ""1111"": 2, ""0011"": 7, ""1000"": 3, ""0010"": 21, ""0001"": 6, ""1001"": 1, ""1101"": 1}",256
valid_vqc,6,-1,vqc,6,"{""1001"": 86, ""1100"": 71, ""0011"": 8, ""0100"": 19, ""0111"": 8, ""0101"": 2, ""0000"": 2, ""0110"": 16, ""1101"": 8, ""1000"": 7, ""1110"": 2, ""1011"": 2, ""0010"": 15, ""1010"": 2, ""0001"": 6, ""1111"": 2}",256
valid_vqc,7,-1,vqc,7,"{""1100"": 74, ""1001"": 84, ""1000"": 5, ""0011"": 13, ""0100"": 19, ""1101"": 4, ""0110"": 17, ""0001"": 8, ""0111"": 10, ""1011"": 4, ""0010"": 13, ""0101"": 1, ""1110"": 1, ""0000"": 1, ""1111"": 1, ""1010"": 1}",256
valid_vqc,8,-1,vqc,8,"{""0110"": 12, ""1100"": 84, ""1001"": 67, ""0001"": 6, ""0010"": 18, ""1000"": 13, ""0111"": 14, ""1011"": 5, ""0100"": 13, ""1010"": 4, ""1110"": 2, ""0101"": 2, ""1101"": 5, ""0011"": 9, ""1111"": 1, ""0000"": 1}",256
valid_vqc,9,-1,vqc,9,"{""1001"": 78, ""1100"": 78, ""0100"": 14, ""1000"": 8, ""0111"": 11, ""0011"": 16, ""1011"": 3, ""0010"": 16, ""0110"": 17, ""0001"": 3, ""1010"": 2, ""1111"": 1, ""0101"": 2, ""1110"": 3, ""1101"": 3, ""0000"": 1}",256
test_vqc,0,-1,vqc,10,"{""1001"": 11, ""0011"": 42, ""1100"": 40, ""1110"": 9, ""0110"": 87, ""0111"": 4, ""0100"": 13, ""1011"": 7, ""0010"": 12, ""0101"": 1, ""1000"": 16, ""0001"": 3, ""1101"": 9, ""1010"": 2}",256
test_vqc,1,-1,vqc,11,"{""0100"": 14, ""1001"": 80, ""1100"": 68, ""0001"": 12, ""1010"": 6, ""0010"": 16, ""0110"": 19, ""0101"": 5, ""1110"": 1, ""0111"": 14, ""0011"": 12, ""0000"": 2, ""1111"": 2, ""1101"": 2, ""1000"": 3}",256
test_vqc,2,-1,vqc,12,"{""0110"": 18, ""1100"": 90, ""1001"": 71, ""0010"": 15, ""0011"": 8, ""0100"": 15, ""0111"": 12, ""1000"": 8, ""0001"": 6, ""1011"": 1, ""1010"": 6, ""1101"": 5, ""0101"": 1}",256
test_vqc,3,-1,vqc,13,"{""1011"": 6, ""1100"": 30, ""0110"": 102, ""0100"": 6, ""0011"": 46, ""1000"": 19, ""1110"": 6, ""0000"": 2, ""0010"": 11, ""1001"": 14, ""1101"": 6, ""0111"": 6, ""1111"": 1, ""0001"": 1}",256
test_vqc,4,-1,vqc,14,"{""0101"": 3, ""0110"": 95, ""1100"": 37, ""1011"": 15, ""1000"": 21, ""0010"": 9, ""1001"": 15, ""1110"": 9, ""0011"": 35, ""0100"": 6, ""1010"": 3, ""0111"": 3, ""1101"": 3, ""0000"": 2}",256
test_vqc,5,-1,vqc,15,"{""1001"": 68, ""1100"": 82, ""0110"": 26, ""0011"": 15, ""1000"": 10, ""0111"": 7, ""0100"": 10, ""1010"": 3, ""1110"": 3, ""0000"": 1, ""1011"": 5, ""0010"": 12, ""0101"": 4, ""0001"": 5, ""1101"": 5}",256
test_vqc,6,-1,vqc,16,"{""1001"": 76, ""0001"": 11, ""0010"": 14, ""1100"": 79, ""0111"": 8, ""0100"": 15, ""1000"": 10, ""1010"": 3, ""0110"": 21, ""0101"": 2, ""0011"": 6, ""1111"": 3, ""1101"": 3, ""1110"": 1, ""1011"": 3, ""0000"": 1}",256
test_vqc,7,-1,vqc,17,"{""0110"": 96, ""0100"": 10, ""1100"": 42, ""1110"": 6, ""0011"": 43, ""1001"": 12, ""0010"": 9, ""1011"": 9, ""1000"": 12, ""1111"": 1, ""0000"": 2, ""0001"": 3, ""1101"": 4, ""0101"": 1, ""0111"": 4, ""1010"": 2}",256
test_vqc,8,-1,vqc,18,"{""0010"": 16, ""1100"": 80, ""1001"": 78, ""1000"": 10, ""0100"": 10, ""1101"": 1, ""1011"": 2, ""0111"": 10, ""0110"": 20, ""0001"": 11, ""0000"": 1, ""0011"": 9, ""1110"": 3, ""0101"": 2, ""1010"": 3}",256
test_vqc,9,-1,vqc,19,"{""1001"": 73, ""0101"": 3, ""1100"": 85, ""0001"": 11, ""0010"": 12, ""0100"": 15, ""0110"": 18, ""0111"": 8, ""0011"": 11, ""1000"": 7, ""0000"": 2, ""1110"": 5, ""1011"": 3, ""1010"": 1, ""1101"": 1, ""1111"": 1}",256
test_vqc,10,-1,vqc,20,"{""1001"": 12, ""1110"": 13, ""1100"": 43, ""0011"": 30, ""0110"": 106, ""1000"": 14, ""0010"": 10, ""0100"": 7, ""1111"": 1, ""0001"": 2, ""1101"": 5, ""1011"": 4, ""1010"": 2, ""0101"": 1, ""0111"": 5, ""0000"": 1}",256
test_vqc,11,-1,vqc,21,"{""0110"": 97, ""0100"": 7, ""1100"": 50, ""0011"": 44, ""1011"": 7, ""0010"": 6, ""1101"": 8, ""1110"": 10, ""1001"": 9, ""1000"": 11, ""0001"": 3, ""0101"": 2, ""1010"": 1, ""0000"": 1}",256
test_vqc,12,-1,vqc,22,"{""0110"": 18, ""1001"": 72, ""0010"": 10, ""1100"": 88, ""0100"": 18, ""0111"": 8, ""1011"": 2, ""1101"": 3, ""0001"": 10, ""0101"": 5, ""1111"": 3, ""1000"": 10, ""0011"": 7, ""1010"": 2}",256
test_vqc,13,-1,vqc,23,"{""1100"": 44, ""1101"": 4, ""0100"": 12, ""1001"": 9, ""0011"": 41, ""1110"": 6, ""0110"": 91, ""1011"": 9, ""1000"": 21, ""0010"": 7, ""1010"": 4, ""0001"": 1, ""0111"": 4, ""0000"": 3}",256
test_vqc,14,-1,vqc,24,"{""0011"": 12, ""1001"": 70, ""1100"": 89, ""0010"": 13, ""0110"": 20, ""0100"": 15, ""0001"": 4, ""0111"": 10, ""1101"": 4, ""1010"": 6, ""1110"": 3, ""1011"": 2, ""1000"": 6, ""0000"": 2}",256
test_vqc,15,-1,vqc,25,"{""1001"": 76, ""1100"": 75, ""0100"": 8, ""0111"": 9, ""0010"": 14, ""0110"": 28, ""1101"": 3, ""0001"": 10, ""0011"": 11, ""1010"": 5, ""0000"": 1, ""0101"": 1, ""1000"": 10, ""1011"": 2, ""1111"": 2, ""1110"": 1}",256
test_vqc,16,-1,vqc,26,"{""0011"": 40, ""0110"": 107, ""0100"": 5, ""1100"": 39, ""0010"": 9, ""1001"": 9, ""0111"": 4, ""1011"": 6, ""1000"": 17, ""1110"": 5, ""1101"": 6, ""1010"": 3, ""0001"": 4, ""0000"": 1, ""1111"": 1}",256
test_vqc,17,-1,vqc,27,"{""0110"": 94, ""1000"": 12, ""0011"": 49, ""1100"": 36, ""1011"": 10, ""1101"": 4, ""0010"": 10, ""1001"": 17, ""0000"": 3, ""0101"": 3, ""1110"": 7, ""0111"": 1, ""0100"": 7, ""0001"": 1, ""1010"": 2}",256
test_vqc,18,-1,vqc,28,"{""0110"": 95, ""1100"": 45, ""1000"": 19, ""0011"": 46, ""1110"": 10, ""1001"": 12, ""0010"": 10, ""1011"": 4, ""0001"": 4, ""0100"": 6, ""1101"": 5}",256
test_vqc,19,-1,vqc,29,"{""0010"": 17, ""0110"": 20, ""1100"": 83, ""1001"": 69, ""1000"": 8, ""0011"": 10, ""1011"": 3, ""0111"": 10, ""0100"": 17, ""1111"": 3, ""0000"": 2, ""0101"": 3, ""1101"": 2, ""0001"": 4, ""1110"": 2, ""1010"": 3}",256
test_vqc,20,-1,vqc,30,"{""1110"": 2, ""0111"": 12, ""1100"": 95, ""1010"": 3, ""0011"": 7, ""1001"": 65, ""0100"": 28, ""0010"": 9, ""1000"": 6, ""1101"": 5, ""0110"": 14, ""1111"": 1, ""1011"": 2, ""0101"": 1, ""0000"": 3, ""0001"": 3}",256
test_vqc,21,-1,vqc,31,"{""1100"": 90, ""0110"": 21, ""1001"": 74, ""0100"": 15, ""0001"": 8, ""0010"": 12, ""0111"": 11, ""1110"": 3, ""1011"": 2, ""1101"": 3, ""0101"": 1, ""1010"": 1, ""1000"": 9, ""0011"": 5, ""0000"": 1}",256
test_vqc,22,-1,vqc,32,"{""1100"": 99, ""1001"": 70, ""0010"": 17, ""0011"": 13, ""0101"": 1, ""0100"": 11, ""1000"": 4, ""0110"": 21, ""0111"": 7, ""0000"": 3, ""0001"": 5, ""1101"": 3, ""1010"": 2}",256
test_vqc,23,-1,vqc,33,"{""1100"": 80, ""1001"": 83, ""0110"": 17, ""0001"": 7, ""1101"": 5, ""1000"": 6, ""1110"": 3, ""0100"": 22, ""0111"": 8, ""0010"": 15, ""0011"": 6, ""1011"": 1, ""1010"": 2, ""0000"": 1}",256
test_vqc,24,-1,vqc,34,"{""0110"": 85, ""1100"": 37, ""0111"": 4, ""0011"": 42, ""0000"": 3, ""1011"": 14, ""1101"": 6, ""0010"": 9, ""1000"": 17, ""0001"": 3, ""1001"": 15, ""0100"": 10, ""0101"": 3, ""1010"": 1, ""1110"": 7}",256
test_vqc,25,-1,vqc,35,"{""1001"": 79, ""1100"": 75, ""1011"": 2, ""0010"": 20, ""0110"": 28, ""0011"": 8, ""0111"": 8, ""0001"": 8, ""0101"": 2, ""0100"": 13, ""1000"": 8, ""1010"": 2, ""0000"": 2, ""1110"": 1}",256
test_vqc,26,-1,vqc,36,"{""0100"": 25, ""0010"": 14, ""1001"": 64, ""0110"": 18, ""1100"": 78, ""0001"": 9, ""1011"": 3, ""0000"": 2, ""1101"": 5, ""0111"": 9, ""1000"": 8, ""0011"": 9, ""0101"": 1, ""1010"": 6, ""1110"": 4, ""1111"": 1}",256
test_vqc,27,-1,vqc,37,"{""1100"": 107, ""0111"": 10, ""1001"": 61, ""0011"": 8, ""0100"": 14, ""1000"": 6, ""0001"": 8, ""0110"": 21, ""0010"": 12, ""1010"": 2, ""1111"": 2, ""0000"": 2, ""1110"": 2, ""1101"": 1}",256
test_vqc,28,-1,vqc,38,"{""0010"": 18, ""1101"": 3, ""0110"": 14, ""1001"": 64, ""1100"": 101, ""1111"": 1, ""0100"": 13, ""1000"": 2, ""0001"": 8, ""1010"": 7, ""1011"": 3, ""0000"": 1, ""0011"": 9, ""1110"": 4, ""0101"": 2, ""0111"": 6}",256
test_vqc,29,-1,vqc,39,"{""0111"": 15, ""1100"": 73, ""0001"": 4, ""1110"": 3, ""1001"": 76, ""1010"": 5, ""0000"": 3, ""0110"": 20, ""0101"": 3, ""0010"": 11, ""1101"": 2, ""0011"": 10, ""0100"": 21, ""1000"": 7, ""1111"": 1, ""1011"": 2}",256
test_vqc,30,-1,vqc,40,"{""0110"": 95, ""1000"": 18, ""1100"": 38, ""0010"": 7, ""0011"": 40, ""1110"": 8, ""1101"": 5, ""1011"": 9, ""1001"": 14, ""0100"": 11, ""0000"": 3, ""0001"": 1, ""1010"": 3, ""0111"": 4}",256
test_vqc,31,-1,vqc,41,"{""0010"": 30, ""1011"": 3, ""1100"": 78, ""0111"": 13, ""1001"": 61, ""0110"": 20, ""0011"": 11, ""1000"": 3, ""0100"": 22, ""0000"": 1, ""1111"": 1, ""1101"": 1, ""0001"": 4, ""1010"": 2, ""1110"": 6}",256
test_vqc,32,-1,vqc,42,"{""1100"": 77, ""0110"": 21, ""0111"": 11, ""1001"": 86, ""0001"": 4, ""0100"": 15, ""0011"": 8, ""0010"": 14, ""1011"": 3, ""1110"": 4, ""1000"": 3, ""1101"": 3, ""1111"": 1, ""1010"": 5, ""0000"": 1}",256
test_vqc,33,-1,vqc,43,"{""1100"": 94, ""1001"": 72, ""1000"": 3, ""0011"": 5, ""0010"": 18, ""0110"": 21, ""0100"": 13, ""0000"": 3, ""0111"": 9, ""1011"": 5, ""0101"": 1, ""1101"": 2, ""0001"": 7, ""1010"": 2, ""1110"": 1}",256
test_vqc,34,-1,vqc,44,"{""1001"": 87, ""0011"": 5, ""1100"": 80, ""0010"": 17, ""0001"": 9, ""0100"": 20, ""0101"": 3, ""0110"": 11, ""1000"": 3, ""0111"": 10, ""1010"": 3, ""1110"": 2, ""1101"": 3, ""1011"": 2, ""1111"": 1}",256
test_vqc,35,-1,vqc,45,"{""0101"": 3, ""0110"": 21, ""1001"": 75, ""0100"": 14, ""1100"": 83, ""0010"": 14, ""1010"": 7, ""0111"": 11, ""0001"": 9, ""0000"": 3, ""1000"": 6, ""1011"": 1, ""1110"": 1, ""0011"": 5, ""1111"": 2, ""1101"": 1}",256
test_vqc,36,-1,vqc,46,"{""1100"": 54, ""0110"": 88, ""1001"": 10, ""0111"": 3, ""1101"": 9, ""0100"": 10, ""1000"": 14, ""0011"": 47, ""0010"": 6, ""1011"": 7, ""1110"": 5, ""0101"": 1, ""0000"": 2}",256
test_vqc,37,-1,vqc,47,"{""1000"": 23, ""0110"": 91, ""1100"": 43, ""0011"": 46, ""1001"": 10, ""0100"": 8, ""1110"": 6, ""1011"": 5, ""0010"": 9, ""0111"": 4, ""0001"": 3, ""1010"": 1, ""1101"": 5, ""0000"": 2}",256
test_vqc,38,-1,vqc,48,"{""0101"": 2, ""1001"": 82, ""0111"": 15, ""0001"": 6, ""1100"": 75, ""0000"": 2, ""1000"": 14, ""1011"": 4, ""0010"": 14, ""0011"": 9, ""0110"": 15, ""1111"": 2, ""0100"": 11, ""1110"": 2, ""1101"": 2, ""1010"": 1}",256
test_vqc,39,-1,vqc,49,"{""1001"": 67, ""1111"": 2, ""0100"": 15, ""1100"": 88, ""0010"": 24, ""0111"": 13, ""0110"": 13, ""1000"": 5, ""0001"": 4, ""1110"": 8, ""0011"": 9, ""1101"": 3, ""1011"": 2, ""0000"": 1, ""1010"": 1, ""0101"": 1}",256
test_vqc,40,-1,vqc,50,"{""0110"": 20, ""1001"": 77, ""0010"": 19, ""0100"": 17, ""1100"": 79, ""1000"": 8, ""1111"": 1, ""0111"": 12, ""1110"": 1, ""1010"": 6, ""1011"": 1, ""0001"": 9, ""0011"": 5, ""1101"": 1}",256
test_vqc,41,-1,vqc,51,"{""1100"": 96, ""1011"": 5, ""1001"": 79, ""0110"": 19, ""1101"": 5, ""0100"": 13, ""0001"": 5, ""0011"": 8, ""1000"": 5, ""1110"": 2, ""0101"": 1, ""0010"": 10, ""0111"": 5, ""1010"": 1, ""0000"": 2}",256
test_vqc,42,-1,vqc,52,"{""1001"": 75, ""1100"": 83, ""0110"": 11, ""1010"": 6, ""0010"": 16, ""0100"": 18, ""1110"": 2, ""1000"": 9, ""0011"": 12, ""0111"": 9, ""1101"": 3, ""0001"": 9, ""0000"": 3}",256
test_vqc,43,-1,vqc,53,"{""0000"": 4, ""0100"": 8, ""1100"": 76, ""1001"": 83, ""0110"": 22, ""0011"": 9, ""0001"": 10, ""0010"": 14, ""0111"": 7, ""1000"": 9, ""1011"": 3, ""0101"": 3, ""1110"": 2, ""1010"": 3, ""1101"": 2, ""1111"": 1}",256
test_vqc,44,-1,vqc,54,"{""0011"": 44, ""0110"": 100, ""0010"": 7, ""0100"": 12, ""1000"": 15, ""1100"": 35, ""1001"": 15, ""1101"": 6, ""1011"": 9, ""0111"": 3, ""0001"": 5, ""1110"": 5}",256
test_vqc,45,-1,vqc,55,"{""1001"": 86, ""0001"": 7, ""1100"": 65, ""0100"": 18, ""0111"": 8, ""1000"": 6, ""1010"": 6, ""0010"": 15, ""0110"": 26, ""0011"": 13, ""1101"": 1, ""0101"": 3, ""1011"": 1, ""1111"": 1}",256
test_vqc,46,-1,vqc,56,"{""0110"": 101, ""1100"": 38, ""1110"": 12, ""1000"": 21, ""0100"": 14, ""1010"": 3, ""1011"": 6, ""0000"": 4, ""0011"": 34, ""0001"": 2, ""1001"": 11, ""0010"": 7, ""1101"": 3}",256
test_vqc,47,-1,vqc,57,"{""0011"": 47, ""1000"": 24, ""0110"": 87, ""1100"": 35, ""0111"": 3, ""0010"": 11, ""1001"": 9, ""1101"": 7, ""1010"": 2, ""1110"": 7, ""1011"": 10, ""0100"": 8, ""0000"": 2, ""0001"": 4}",256
test_vqc,48,-1,vqc,58,"{""1100"": 44, ""0110"": 80, ""0011"": 62, ""1011"": 9, ""1000"": 19, ""0010"": 11, ""1101"": 4, ""0000"": 1, ""1001"": 11, ""0100"": 6, ""0101"": 2, ""0111"": 3, ""1110"": 3, ""0001"": 1}",256
test_vqc,49,-1,vqc,59,"{""1100"": 90, ""0010"": 16, ""0110"": 15, ""1101"": 7, ""1001"": 61, ""0111"": 11, ""1110"": 7, ""0000"": 3, ""1000"": 9, ""0001"": 8, ""0100"": 18, ""0011"": 8, ""1111"": 1, ""1010"": 2}",256
test_vqc,50,-1,vqc,60,"{""0100"": 16, ""1001"": 82, ""1100"": 85, ""0110"": 17, ""0111"": 9, ""0010"": 17, ""0000"": 3, ""1011"": 1, ""0011"": 7, ""1000"": 6, ""1101"": 2, ""1111"": 3, ""0101"": 3, ""1110"": 1, ""1010"": 1, ""0001"": 3}",256
test_vqc,51,-1,vqc,61,"{""1000"": 19, ""1110"": 11, ""1100"": 45, ""0110"": 82, ""1001"": 14, ""0011"": 39, ""1011"": 10, ""1010"": 2, ""0000"": 2, ""0100"": 12, ""1101"": 6, ""0010"": 10, ""0001"": 1, ""0111"": 2, ""0101"": 1}",256
test_vqc,52,-1,vqc,62,"{""0001"": 4, ""1100"": 84, ""0100"": 8, ""0011"": 10, ""0111"": 9, ""1001"": 74, ""1101"": 3, ""0010"": 16, ""0110"": 21, ""1010"": 4, ""1110"": 4, ""1111"": 2, ""1011"": 6, ""1000"": 9, ""0000"": 2}",256
test_vqc,53,-1,vqc,63,"{""0110"": 13, ""1100"": 95, ""1001"": 69, ""0111"": 10, ""0010"": 22, ""1010"": 2, ""1101"": 4, ""0001"": 9, ""0100"": 11, ""0011"": 10, ""0000"": 1, ""1110"": 4, ""1000"": 4, ""0101"": 1, ""1011"": 1}",256
test_vqc,54,-1,vqc,64,"{""1100"": 94, ""1001"": 79, ""0100"": 11, ""0110"": 14, ""0111"": 8, ""0101"": 2, ""0010"": 23, ""1101"": 3, ""1000"": 5, ""0001"": 4, ""0011"": 6, ""1010"": 3, ""1110"": 3, ""1011"": 1}",256
test_vqc,55,-1,vqc,65,"{""0110"": 79, ""1001"": 17, ""1100"": 38, ""0011"": 33, ""0010"": 11, ""0100"": 16, ""0111"": 5, ""1011"": 11, ""1110"": 10, ""1000"": 25, ""1101"": 5, ""1010"": 1, ""0101"": 2, ""0001"": 1, ""0000"": 2}",256
test_vqc,56,-1,vqc,66,"{""1001"": 75, ""1100"": 88, ""0110"": 25, ""0111"": 4, ""1101"": 4, ""0011"": 5, ""0100"": 16, ""0001"": 5, ""0010"": 18, ""1110"": 3, ""1000"": 5, ""1011"": 4, ""1010"": 1, ""0000"": 1, ""1111"": 2}",256
test_vqc,57,-1,vqc,67,"{""0111"": 11, ""1001"": 74, ""1100"": 91, ""0000"": 3, ""0010"": 22, ""0100"": 7, ""1101"": 5, ""1000"": 8, ""1110"": 2, ""0110"": 16, ""0001"": 6, ""0011"": 7, ""1010"": 2, ""1111"": 1, ""0101"": 1}",256
test_vqc,58,-1,vqc,68,"{""0110"": 28, ""1001"": 63, ""0011"": 3, ""1100"": 97, ""0100"": 17, ""1110"": 2, ""0001"": 5, ""0010"": 17, ""0111"": 9, ""1000"": 7, ""1101"": 2, ""1010"": 1, ""0000"": 1, ""1011"": 2, ""0101"": 2}",256
test_vqc,59,-1,vqc,69,"{""0110"": 86, ""1100"": 47, ""0011"": 37, ""0010"": 6, ""1000"": 17, ""1011"": 12, ""0111"": 6, ""1001"": 20, ""0100"": 6, ""1010"": 3, ""1101"": 6, ""0101"": 1, ""1110"": 8, ""0001"": 1}",256
test_vqc,60,-1,vqc,70,"{""0100"": 9, ""0110"": 94, ""1000"": 25, ""0011"": 34, ""1001"": 12, ""0010"": 7, ""1100"": 53, ""1011"": 5, ""0111"": 3, ""0001"": 5, ""1110"": 5, ""1111"": 1, ""1101"": 2, ""0101"": 1}",256
test_vqc,61,-1,vqc,71,"{""1100"": 88, ""0010"": 15, ""1001"": 70, ""0111"": 19, ""0100"": 12, ""0110"": 22, ""1010"": 2, ""0001"": 5, ""1111"": 1, ""0011"": 9, ""1110"": 3, ""1101"": 4, ""1000"": 4, ""0101"": 2}",256
test_vqc,62,-1,vqc,72,"{""1001"": 79, ""1110"": 3, ""1100"": 98, ""0111"": 6, ""0110"": 19, ""0100"": 9, ""1000"": 8, ""1010"": 5, ""1011"": 1, ""0010"": 9, ""0011"": 11, ""1101"": 3, ""0000"": 2, ""0101"": 1, ""0001"": 2}",256
test_vqc,63,-1,vqc,73,"{""1001"": 81, ""1100"": 86, ""0000"": 4, ""0110"": 17, ""0011"": 4, ""0100"": 14, ""1101"": 4, ""1000"": 7, ""0001"": 8, ""0101"": 3, ""0010"": 13, ""0111"": 6, ""1110"": 2, ""1010"": 5, ""1111"": 1, ""1011"": 1}",256
test_vqc,64,-1,vqc,74,"{""1001"": 70, ""0100"": 12, ""0001"": 6, ""1100"": 97, ""0010"": 16, ""0110"": 18, ""1101"": 2, ""0011"": 5, ""0111"": 12, ""1000"": 12, ""1010"": 3, ""1011"": 1, ""0000"": 1, ""0101"": 1}",256
test_vqc,65,-1,vqc,75,"{""1001"": 74, ""1100"": 93, ""0100"": 17, ""0011"": 7, ""1000"": 7, ""1101"": 4, ""0010"": 15, ""0110"": 18, ""0000"": 1, ""0111"": 9, ""0101"": 2, ""0001"": 3, ""1011"": 2, ""1110"": 2, ""1010"": 2}",256
test_vqc,66,-1,vqc,76,"{""0001"": 9, ""0000"": 4, ""1001"": 65, ""1100"": 86, ""0100"": 11, ""0010"": 15, ""1010"": 3, ""0111"": 16, ""0011"": 10, ""0110"": 21, ""1000"": 5, ""1101"": 4, ""1110"": 1, ""0101"": 4, ""1111"": 1, ""1011"": 1}",256
test_vqc,67,-1,vqc,77,"{""0110"": 106, ""0100"": 11, ""1011"": 9, ""1100"": 33, ""1000"": 11, ""0010"": 6, ""1001"": 9, ""0011"": 39, ""0001"": 6, ""0111"": 5, ""1110"": 8, ""1101"": 5, ""1010"": 4, ""0000"": 2, ""1111"": 2}",256
test_vqc,68,-1,vqc,78,"{""1100"": 32, ""0110"": 95, ""0011"": 52, ""1000"": 14, ""0100"": 8, ""0010"": 7, ""1001"": 10, ""1110"": 12, ""1111"": 1, ""0111"": 5, ""1011"": 6, ""0000"": 3, ""1010"": 4, ""1101"": 6, ""0001"": 1}",256
test_vqc,69,-1,vqc,79,"{""0100"": 10, ""0110"": 90, ""0011"": 43, ""1011"": 7, ""1100"": 42, ""1001"": 17, ""0010"": 11, ""1000"": 12, ""1101"": 5, ""0111"": 5, ""0000"": 2, ""0101"": 1, ""1110"": 9, ""1010"": 2}",256
test_vqc,70,-1,vqc,80,"{""1001"": 60, ""1100"": 98, ""0010"": 21, ""0110"": 21, ""1010"": 7, ""1101"": 1, ""1110"": 2, ""0011"": 8, ""0100"": 12, ""0111"": 9, ""1111"": 4, ""0001"": 6, ""1000"": 2, ""1011"": 3, ""0101"": 2}",256
test_vqc,71,-1,vqc,81,"{""1001"": 75, ""0010"": 14, ""1100"": 87, ""0100"": 20, ""0011"": 7, ""0001"": 10, ""0110"": 16, ""0000"": 3, ""1101"": 3, ""1010"": 3, ""1110"": 2, ""1000"": 6, ""0101"": 2, ""0111"": 7, ""1011"": 1}",256
test_vqc,72,-1,vqc,82,"{""0011"": 12, ""1011"": 2, ""1001"": 68, ""1100"": 78, ""0111"": 8, ""0110"": 22, ""0100"": 21, ""0001"": 10, ""0010"": 13, ""1010"": 3, ""1101"": 3, ""0101"": 5, ""1000"": 5, ""1111"": 5, ""1110"": 1}",256
test_vqc,73,-1,vqc,83,"{""0110"": 21, ""1001"": 80, ""1100"": 87, ""0000"": 2, ""0010"": 12, ""0101"": 4, ""0100"": 9, ""0001"": 9, ""0111"": 9, ""0011"": 4, ""1010"": 7, ""1111"": 1, ""1110"": 4, ""1000"": 5, ""1101"": 2}",256
test_vqc,74,-1,vqc,84,"{""1100"": 83, ""0111"": 14, ""1001"": 77, ""0010"": 15, ""0110"": 27, ""1111"": 4, ""0001"": 4, ""1110"": 3, ""0011"": 8, ""0100"": 7, ""1101"": 2, ""1000"": 6, ""0000"": 2, ""0101"": 3, ""1010"": 1}",256
test_vqc,75,-1,vqc,85,"{""0010"": 17, ""1100"": 106, ""1101"": 5, ""0110"": 17, ""0001"": 7, ""1110"": 4, ""1001"": 60, ""0011"": 7, ""0100"": 19, ""0111"": 8, ""1000"": 2, ""1010"": 3, ""1111"": 1}",256
test_vqc,76,-1,vqc,86,"{""1100"": 89, ""1001"": 74, ""0010"": 14, ""0001"": 7, ""1101"": 5, ""1011"": 3, ""0100"": 13, ""1000"": 3, ""1110"": 2, ""0110"": 23, ""0011"": 8, ""0111"": 9, ""1010"": 3, ""1111"": 1, ""0000"": 1, ""0101"": 1}",256
test_vqc,77,-1,vqc,87,"{""1001"": 80, ""1100"": 92, ""0110"": 17, ""0111"": 17, ""1110"": 4, ""1010"": 3, ""1000"": 7, ""0010"": 13, ""0001"": 2, ""0100"": 10, ""0011"": 7, ""0000"": 1, ""1011"": 3}",256
test_vqc,78,-1,vqc,88,"{""1001"": 73, ""0110"": 13, ""1100"": 89, ""1000"": 9, ""0111"": 11, ""0010"": 19, ""0001"": 8, ""1101"": 4, ""0100"": 10, ""0101"": 4, ""0011"": 10, ""1111"": 2, ""1011"": 2, ""1010"": 2}",256
test_vqc,79,-1,vqc,89,"{""1001"": 77, ""1100"": 85, ""0110"": 19, ""0011"": 6, ""1110"": 2, ""1111"": 3, ""0111"": 11, ""0100"": 15, ""1000"": 7, ""1101"": 4, ""0010"": 13, ""1011"": 2, ""1010"": 4, ""0001"": 4, ""0000"": 3, ""0101"": 1}",256
test_vqc,80,-1,vqc,90,"{""1100"": 43, ""1011"": 7, ""1001"": 13, ""0110"": 100, ""0100"": 9, ""0011"": 27, ""1000"": 18, ""0101"": 4, ""0000"": 3, ""0111"": 1, ""1101"": 6, ""0001"": 3, ""0010"": 13, ""1010"": 2, ""1111"": 2, ""1110"": 5}",256
test_vqc,81,-1,vqc,91,"{""1000"": 4, ""1100"": 94, ""0110"": 17, ""1001"": 72, ""0011"": 6, ""0010"": 20, ""0111"": 11, ""0100"": 18, ""1110"": 2, ""1101"": 1, ""1111"": 1, ""1011"": 1, ""0001"": 4, ""1010"": 3, ""0101"": 2}",256
test_vqc,82,-1,vqc,92,"{""1100"": 103, ""1001"": 69, ""0010"": 17, ""0100"": 15, ""1110"": 1, ""0111"": 11, ""1000"": 4, ""0011"": 11, ""0110"": 14, ""0001"": 5, ""1101"": 3, ""0000"": 1, ""1111"": 2}",256
test_vqc,83,-1,vqc,93,"{""0011"": 45, ""1100"": 36, ""0110"": 88, ""1001"": 17, ""0010"": 10, ""0100"": 6, ""1110"": 13, ""1000"": 21, ""0111"": 2, ""1011"": 6, ""1101"": 5, ""0001"": 3, ""0000"": 2, ""1010"": 2}",256
test_vqc,84,-1,vqc,94,"{""1001"": 66, ""1100"": 98, ""0111"": 9, ""0110"": 15, ""0001"": 4, ""1010"": 6, ""0011"": 9, ""0100"": 13, ""1000"": 8, ""1111"": 3, ""0010"": 15, ""1110"": 3, ""1011"": 3, ""0101"": 1, ""0000"": 2, ""1101"": 1}",256
test_vqc,85,-1,vqc,95,"{""0110"": 92, ""1100"": 35, ""0011"": 45, ""1000"": 19, ""0000"": 1, ""1010"": 4, ""1001"": 14, ""1011"": 10, ""0101"": 3, ""0010"": 8, ""1110"": 6, ""0001"": 3, ""0111"": 2, ""1101"": 4, ""0100"": 10}",256
test_vqc,86,-1,vqc,96,"{""1100"": 82, ""0100"": 17, ""1001"": 70, ""0110"": 20, ""0010"": 17, ""0001"": 10, ""0011"": 11, ""0111"": 10, ""1111"": 2, ""1101"": 4, ""1000"": 5, ""0000"": 1, ""1110"": 5, ""1010"": 2}",256
test_vqc,87,-1,vqc,97,"{""0110"": 88, ""1000"": 17, ""0010"": 9, ""1110"": 7, ""0011"": 45, ""1001"": 10, ""1100"": 47, ""0111"": 2, ""0001"": 5, ""1011"": 5, ""0100"": 12, ""1010"": 5, ""1101"": 2, ""0000"": 2}",256
test_vqc,88,-1,vqc,98,"{""1001"": 69, ""0100"": 19, ""1100"": 91, ""0110"": 22, ""0111"": 11, ""0010"": 14, ""0001"": 6, ""1000"": 7, ""1101"": 5, ""0011"": 7, ""1010"": 1, ""1110"": 1, ""1011"": 2, ""1111"": 1}",256
test_vqc,89,-1,vqc,99,"{""1100"": 93, ""0110"": 20, ""0011"": 6, ""1001"": 58, ""0111"": 9, ""0010"": 15, ""1011"": 6, ""1010"": 6, ""1000"": 10, ""0100"": 15, ""1111"": 1, ""1110"": 4, ""1101"": 4, ""0001"": 5, ""0000"": 2, ""0101"": 2}",256
test_vqc,90,-1,vqc,100,"{""0110"": 83, ""1100"": 41, ""0010"": 12, ""1001"": 11, ""1110"": 11, ""1000"": 23, ""0100"": 16, ""0011"": 43, ""1011"": 5, ""0111"": 4, ""1010"": 2, ""1101"": 1, ""1111"": 1, ""0000"": 1, ""0101"": 2}",256
test_vqc,91,-1,vqc,101,"{""1001"": 11, ""0110"": 112, ""1000"": 19, ""1100"": 40, ""0011"": 34, ""1011"": 9, ""0100"": 9, ""0010"": 3, ""1111"": 1, ""0000"": 2, ""0101"": 3, ""1110"": 6, ""1101"": 3, ""1010"": 1, ""0111"": 1, ""0001"": 2}",256
test_vqc,92,-1,vqc,102,"{""0011"": 37, ""0110"": 99, ""1101"": 5, ""1100"": 37, ""0010"": 15, ""1110"": 10, ""1001"": 13, ""0101"": 1, ""0100"": 13, ""1010"": 1, ""0111"": 3, ""1011"": 6, ""1000"": 16}",256
test_vqc,93,-1,vqc,103,"{""1001"": 71, ""1000"": 8, ""0100"": 13, ""0110"": 21, ""0010"": 18, ""1100"": 91, ""0111"": 5, ""1010"": 7, ""0011"": 9, ""0001"": 7, ""0101"": 1, ""0000"": 1, ""1110"": 1, ""1101"": 2, ""1011"": 1}",256
test_vqc,94,-1,vqc,104,"{""1000"": 12, ""1100"": 87, ""0011"": 12, ""1001"": 67, ""0110"": 17, ""0001"": 8, ""0111"": 12, ""0010"": 14, ""1101"": 4, ""0100"": 13, ""1010"": 5, ""1011"": 1, ""0101"": 2, ""0000"": 1, ""1110"": 1}",256
test_vqc,95,-1,vqc,105,"{""1001"": 80, ""1100"": 74, ""0110"": 25, ""0010"": 13, ""0100"": 13, ""0001"": 6, ""0111"": 15, ""1101"": 5, ""1000"": 8, ""1110"": 3, ""0011"": 8, ""1010"": 4, ""1111"": 1, ""1011"": 1}",256
test_vqc,96,-1,vqc,106,"{""1100"": 95, ""0100"": 17, ""0110"": 18, ""0011"": 7, ""0010"": 12, ""1001"": 71, ""1101"": 7, ""1011"": 3, ""0111"": 10, ""1000"": 4, ""0000"": 2, ""0001"": 6, ""1010"": 1, ""1111"": 1, ""0101"": 1, ""1110"": 1}",256
test_vqc,97,-1,vqc,107,"{""1100"": 93, ""1000"": 5, ""1001"": 85, ""1101"": 2, ""0110"": 12, ""0111"": 10, ""0100"": 14, ""0011"": 8, ""1110"": 4, ""0010"": 9, ""0001"": 3, ""1010"": 5, ""1011"": 2, ""1111"": 2, ""0000"": 1, ""0101"": 1}",256
test_vqc,98,-1,vqc,108,"{""1001"": 68, ""0110"": 18, ""1011"": 4, ""1100"": 85, ""0100"": 17, ""0111"": 13, ""0001"": 13, ""0011"": 10, ""1110"": 2, ""0010"": 11, ""0101"": 2, ""1101"": 5, ""1010"": 2, ""0000"": 2, ""1111"": 1, ""1000"": 3}",256
test_vqc,99,-1,vqc,109,"{""0110"": 24, ""1010"": 5, ""1001"": 66, ""1100"": 90, ""0010"": 21, ""0111"": 11, ""1000"": 4, ""0001"": 5, ""0100"": 12, ""1110"": 2, ""0011"": 9, ""1011"": 4, ""1101"": 2, ""0000"": 1}",256
test_vqc,100,-1,vqc,110,"{""1100"": 40, ""0110"": 94, ""0100"": 13, ""1110"": 9, ""1001"": 20, ""0000"": 2, ""0101"": 3, ""0011"": 37, ""1101"": 6, ""1000"": 14, ""1011"": 9, ""1010"": 3, ""0010"": 3, ""0001"": 1, ""0111"": 2}",256
test_vqc,101,-1,vqc,111,"{""0011"": 43, ""0110"": 93, ""1001"": 12, ""1011"": 6, ""1000"": 19, ""0010"": 7, ""1110"": 12, ""1100"": 37, ""0101"": 1, ""0111"": 5, ""1101"": 5, ""0100"": 7, ""0001"": 5, ""1010"": 2, ""0000"": 2}",256
test_vqc,102,-1,vqc,112,"{""1100"": 88, ""1001"": 71, ""1110"": 1, ""0100"": 17, ""0010"": 18, ""0111"": 9, ""0110"": 26, ""0001"": 6, ""0011"": 4, ""1010"": 4, ""1000"": 4, ""1101"": 7, ""0101"": 1}",256
test_vqc,103,-1,vqc,113,"{""1001"": 94, ""1100"": 88, ""0110"": 14, ""0010"": 14, ""0011"": 7, ""0111"": 12, ""1010"": 2, ""1101"": 3, ""1110"": 3, ""1011"": 2, ""0100"": 10, ""0001"": 2, ""1000"": 5}",256
test_vqc,104,-1,vqc,114,"{""1100"": 82, ""1001"": 75, ""0010"": 18, ""0110"": 24, ""0100"": 20, ""1000"": 8, ""1010"": 4, ""1101"": 3, ""0001"": 5, ""0111"": 7, ""0011"": 4, ""1011"": 1, ""0101"": 2, ""0000"": 2, ""1111"": 1}",256
test_vqc,105,-1,vqc,115,"{""0110"": 20, ""1000"": 7, ""0011"": 8, ""1001"": 66, ""1100"": 82, ""1010"": 5, ""0111"": 11, ""0010"": 21, ""0100"": 22, ""1111"": 3, ""0001"": 1, ""1110"": 3, ""1101"": 3, ""0101"": 1, ""1011"": 3}",256
test_vqc,106,-1,vqc,116,"{""1001"": 78, ""0100"": 14, ""1011"": 2, ""0110"": 24, ""1100"": 85, ""0010"": 16, ""1000"": 4, ""0111"": 10, ""0000"": 1, ""0001"": 3, ""1111"": 2, ""1010"": 6, ""0011"": 7, ""0101"": 1, ""1101"": 2, ""1110"": 1}",256
test_vqc,107,-1,vqc,117,"{""1001"": 74, ""1100"": 94, ""1110"": 4, ""0110"": 17, ""1101"": 3, ""0001"": 6, ""0010"": 15, ""1011"": 2, ""0011"": 9, ""0100"": 14, ""1000"": 5, ""0000"": 3, ""1111"": 2, ""0111"": 6, ""1010"": 2}",256
test_vqc,108,-1,vqc,118,"{""1000"": 15, ""0010"": 14, ""0011"": 37, ""0110"": 104, ""1100"": 40, ""1101"": 6, ""1110"": 10, ""1011"": 3, ""0100"": 11, ""0001"": 1, ""1001"": 10, ""0111"": 1, ""1111"": 2, ""1010"": 2}",256
test_vqc,109,-1,vqc,119,"{""0010"": 14, ""1110"": 2, ""1001"": 90, ""1100"": 69, ""0110"": 23, ""0001"": 9, ""1111"": 1, ""1000"": 8, ""0011"": 10, ""1010"": 4, ""0100"": 11, ""0000"": 2, ""1011"": 1, ""0111"": 8, ""1101"": 4}",256
test_vqc,110,-1,vqc,120,"{""1001"": 77, ""0010"": 12, ""1011"": 3, ""1100"": 89, ""0100"": 16, ""0110"": 23, ""1111"": 1, ""1101"": 3, ""1010"": 5, ""0111"": 11, ""0101"": 1, ""1000"": 6, ""0011"": 5, ""1110"": 1, ""0000"": 1, ""0001"": 2}",256
test_vqc,111,-1,vqc,121,"{""0110"": 98, ""0111"": 2, ""0011"": 42, ""1110"": 8, ""0100"": 8, ""0010"": 7, ""1101"": 7, ""1000"": 9, ""1001"": 19, ""1100"": 43, ""0000"": 2, ""1011"": 7, ""1010"": 1, ""0001"": 1, ""0101"": 2}",256
test_vqc,112,-1,vqc,122,"{""1001"": 85, ""1000"": 2, ""1100"": 76, ""0110"": 22, ""0100"": 17, ""0001"": 5, ""1110"": 5, ""0010"": 12, ""1010"": 5, ""0011"": 8, ""1101"": 6, ""0101"": 2, ""0111"": 7, ""1011"": 2, ""1111"": 2}",256
test_vqc,113,-1,vqc,123,"{""1100"": 86, ""0100"": 19, ""0111"": 14, ""1001"": 67, ""0000"": 2, ""0001"": 7, ""0110"": 19, ""1101"": 4, ""0011"": 14, ""1000"": 3, ""0010"": 11, ""1110"": 1, ""0101"": 2, ""1010"": 2, ""1011"": 2, ""1111"": 3}",256
test_vqc,114,-1,vqc,124,"{""1100"": 78, ""0110"": 23, ""0011"": 16, ""0001"": 9, ""1001"": 72, ""0010"": 15, ""0100"": 15, ""0111"": 8, ""1110"": 1, ""1010"": 5, ""1111"": 1, ""1000"": 5, ""1101"": 3, ""1011"": 3, ""0101"": 1, ""0000"": 1}",256
test_vqc,115,-1,vqc,125,"{""0000"": 3, ""1001"": 89, ""1100"": 74, ""1000"": 9, ""0010"": 11, ""1010"": 4, ""0110"": 21, ""0100"": 12, ""0111"": 8, ""0011"": 12, ""1011"": 3, ""1110"": 2, ""0001"": 4, ""1101"": 4}",256
test_vqc,116,-1,vqc,126,"{""0011"": 11, ""1100"": 99, ""1001"": 75, ""0111"": 9, ""0100"": 10, ""0010"": 8, ""0110"": 20, ""1000"": 6, ""0001"": 5, ""1111"": 2, ""1010"": 3, ""1101"": 3, ""1110"": 3, ""1011"": 2}",256
test_vqc,117,-1,vqc,127,"{""1000"": 18, ""0110"": 94, ""1100"": 50, ""0010"": 7, ""0011"": 39, ""0101"": 5, ""1110"": 3, ""0100"": 12, ""1001"": 11, ""1101"": 3, ""1011"": 11, ""0111"": 2, ""1010"": 1}",256
test_vqc,118,-1,vqc,128,"{""0110"": 17, ""0111"": 6, ""1001"": 86, ""1101"": 2, ""1100"": 97, ""0010"": 13, ""0000"": 2, ""1110"": 1, ""0100"": 12, ""1000"": 6, ""0011"": 4, ""1010"": 4, ""0001"": 3, ""0101"": 1, ""1111"": 1, ""1011"": 1}",256
test_vqc,119,-1,vqc,129,"{""0010"": 22, ""1001"": 78, ""0100"": 14, ""1100"": 85, ""0110"": 16, ""0001"": 7, ""0111"": 4, ""0011"": 10, ""1110"": 2, ""1011"": 4, ""0000"": 3, ""1010"": 1, ""1000"": 8, ""1101"": 1, ""1111"": 1}",256
test_vqc,120,-1,vqc,130,"{""1001"": 17, ""1000"": 25, ""0110"": 90, ""1100"": 40, ""0011"": 45, ""0100"": 5, ""1101"": 3, ""1011"": 9, ""1110"": 7, ""0111"": 4, ""0010"": 4, ""0000"": 3, ""0101"": 2, ""1010"": 1, ""0001"": 1}",256
test_vqc,121,-1,vqc,131,"{""1001"": 17, ""0110"": 76, ""1110"": 16, ""1000"": 18, ""0011"": 51, ""1100"": 42, ""1101"": 11, ""0010"": 7, ""1111"": 3, ""0100"": 8, ""1011"": 4, ""1010"": 2, ""0111"": 1}",256
test_vqc,122,-1,vqc,132,"{""0110"": 20, ""0010"": 13, ""1001"": 68, ""1100"": 95, ""0100"": 16, ""0011"": 11, ""1011"": 4, ""1101"": 1, ""1000"": 6, ""1111"": 2, ""0001"": 5, ""1010"": 5, ""0111"": 7, ""0101"": 3}",256
test_vqc,123,-1,vqc,133,"{""0001"": 11, ""1100"": 107, ""0111"": 10, ""1000"": 10, ""1110"": 1, ""0010"": 18, ""0110"": 18, ""0100"": 7, ""1101"": 3, ""0011"": 7, ""1001"": 54, ""1010"": 4, ""0101"": 4, ""1111"": 1, ""1011"": 1}",256
test_vqc,124,-1,vqc,134,"{""1001"": 79, ""0010"": 10, ""0100"": 13, ""1100"": 78, ""1110"": 2, ""0111"": 8, ""0110"": 27, ""0011"": 11, ""1010"": 5, ""0001"": 7, ""0000"": 2, ""1111"": 2, ""1000"": 6, ""1011"": 3, ""0101"": 1, ""1101"": 2}",256
test_vqc,125,-1,vqc,135,"{""1000"": 6, ""1100"": 82, ""1001"": 72, ""0111"": 8, ""0011"": 12, ""0100"": 13, ""0010"": 14, ""0110"": 22, ""0001"": 6, ""1101"": 6, ""1110"": 2, ""1011"": 5, ""0000"": 1, ""1010"": 4, ""0101"": 3}",256
test_vqc,126,-1,vqc,136,"{""1001"": 74, ""1100"": 91, ""1000"": 12, ""0110"": 21, ""0111"": 8, ""1110"": 5, ""0100"": 9, ""1011"": 4, ""1101"": 5, ""1010"": 3, ""1111"": 2, ""0010"": 7, ""0001"": 3, ""0011"": 9, ""0101"": 3}",256
test_vqc,127,-1,vqc,137,"{""1100"": 90, ""0010"": 16, ""1001"": 78, ""0011"": 8, ""0110"": 21, ""1010"": 4, ""0101"": 3, ""0001"": 5, ""1000"": 4, ""0100"": 8, ""1110"": 5, ""1101"": 5, ""0111"": 6, ""1111"": 2, ""0000"": 1}",256
test_vqc,128,-1,vqc,138,"{""1100"": 82, ""0110"": 16, ""1001"": 75, ""0010"": 12, ""0111"": 16, ""1000"": 10, ""1101"": 3, ""0011"": 9, ""0100"": 15, ""1011"": 3, ""0000"": 2, ""1110"": 4, ""1111"": 2, ""0001"": 4, ""0101"": 2, ""1010"": 1}",256
test_vqc,129,-1,vqc,139,"{""1001"": 63, ""1100"": 93, ""0110"": 22, ""0111"": 12, ""1000"": 9, ""1111"": 2, ""0011"": 7, ""0001"": 7, ""0100"": 14, ""0010"": 11, ""0101"": 5, ""1110"": 2, ""1011"": 2, ""1010"": 4, ""0000"": 1, ""1101"": 2}",256
test_vqc,130,-1,vqc,140,"{""0011"": 40, ""0110"": 88, ""1011"": 6, ""0100"": 10, ""1100"": 49, ""1110"": 10, ""1001"": 9, ""1000"": 19, ""0001"": 2, ""1101"": 5, ""0010"": 10, ""0111"": 5, ""0101"": 2, ""1111"": 1}",256
test_vqc,131,-1,vqc,141,"{""1100"": 90, ""0010"": 20, ""0111"": 10, ""1001"": 69, ""0101"": 2, ""1101"": 7, ""0001"": 4, ""0100"": 14, ""0110"": 15, ""0011"": 9, ""1000"": 8, ""1010"": 4, ""1110"": 3, ""1011"": 1}",256
test_vqc,132,-1,vqc,142,"{""1100"": 88, ""0011"": 9, ""0000"": 1, ""0100"": 20, ""0110"": 11, ""1000"": 6, ""1001"": 75, ""0001"": 9, ""1101"": 4, ""1010"": 6, ""1011"": 3, ""0111"": 8, ""0010"": 14, ""1110"": 2}",256
test_vqc,133,-1,vqc,143,"{""0111"": 13, ""1001"": 72, ""0100"": 16, ""0000"": 1, ""1100"": 87, ""0110"": 15, ""0010"": 8, ""0101"": 1, ""1000"": 14, ""1010"": 2, ""0001"": 8, ""0011"": 12, ""1101"": 4, ""1011"": 3}",256
test_vqc,134,-1,vqc,144,"{""1001"": 79, ""1100"": 76, ""0010"": 17, ""1000"": 9, ""0110"": 29, ""0111"": 9, ""1101"": 3, ""1111"": 1, ""0011"": 9, ""0100"": 8, ""1110"": 3, ""1011"": 2, ""0001"": 5, ""1010"": 4, ""0000"": 1, ""0101"": 1}",256
test_vqc,135,-1,vqc,145,"{""0100"": 14, ""1001"": 78, ""1100"": 83, ""0110"": 12, ""1010"": 3, ""1000"": 6, ""0011"": 4, ""0101"": 2, ""0001"": 6, ""1101"": 6, ""0111"": 13, ""0000"": 2, ""0010"": 24, ""1110"": 2, ""1011"": 1}",256
test_vqc,136,-1,vqc,146,"{""0011"": 45, ""1100"": 38, ""0110"": 92, ""1101"": 5, ""0000"": 2, ""1010"": 4, ""0111"": 5, ""0010"": 4, ""1001"": 20, ""0100"": 5, ""1000"": 16, ""0101"": 2, ""1011"": 6, ""1110"": 10, ""0001"": 2}",256
test_vqc,137,-1,vqc,147,"{""1100"": 89, ""0100"": 18, ""0010"": 16, ""0001"": 6, ""1001"": 71, ""0110"": 17, ""0111"": 8, ""1000"": 9, ""0011"": 7, ""1011"": 2, ""0101"": 4, ""1101"": 5, ""0000"": 1, ""1010"": 1, ""1110"": 1, ""1111"": 1}",256
test_vqc,138,-1,vqc,148,"{""1001"": 63, ""0100"": 22, ""1100"": 106, ""0011"": 10, ""0001"": 7, ""0110"": 14, ""0111"": 8, ""1101"": 3, ""0010"": 14, ""1000"": 4, ""1011"": 1, ""1010"": 2, ""0000"": 1, ""1111"": 1}",256
test_vqc,139,-1,vqc,149,"{""1001"": 76, ""0010"": 16, ""1100"": 102, ""1010"": 7, ""0110"": 15, ""0111"": 11, ""0100"": 8, ""0001"": 6, ""1110"": 2, ""1101"": 4, ""0011"": 5, ""1000"": 3, ""0000"": 1}",256
test_vqc,140,-1,vqc,150,"{""0100"": 22, ""1100"": 96, ""1001"": 63, ""0110"": 12, ""0011"": 7, ""0010"": 25, ""1010"": 4, ""1110"": 5, ""0001"": 8, ""0000"": 2, ""1101"": 3, ""1111"": 1, ""0111"": 4, ""1000"": 3, ""0101"": 1}",256
test_vqc,141,-1,vqc,151,"{""1100"": 82, ""1001"": 77, ""0110"": 17, ""0100"": 20, ""0111"": 11, ""0001"": 9, ""0011"": 5, ""0010"": 15, ""1000"": 8, ""1010"": 5, ""1110"": 1, ""0101"": 3, ""1111"": 1, ""1101"": 2}",256
test_vqc,142,-1,vqc,152,"{""0110"": 99, ""1000"": 21, ""0011"": 42, ""0100"": 8, ""1111"": 1, ""1100"": 34, ""1101"": 7, ""1110"": 7, ""1001"": 13, ""1011"": 8, ""0111"": 3, ""0001"": 4, ""1010"": 2, ""0000"": 3, ""0010"": 4}",256
test_vqc,143,-1,vqc,153,"{""1100"": 105, ""0110"": 22, ""0010"": 8, ""1001"": 64, ""0001"": 8, ""1110"": 4, ""1000"": 5, ""0011"": 7, ""0100"": 14, ""1010"": 2, ""1101"": 5, ""0111"": 7, ""0101"": 2, ""1011"": 2, ""0000"": 1}",256
test_vqc,144,-1,vqc,154,"{""1001"": 76, ""0001"": 2, ""1100"": 81, ""1010"": 3, ""0011"": 12, ""0110"": 24, ""0101"": 4, ""0111"": 11, ""0100"": 13, ""1000"": 4, ""0000"": 1, ""1011"": 2, ""0010"": 14, ""1110"": 4, ""1101"": 4, ""1111"": 1}",256
test_vqc,145,-1,vqc,155,"{""0100"": 12, ""1100"": 101, ""1001"": 80, ""0011"": 4, ""0110"": 13, ""1010"": 4, ""1000"": 7, ""0111"": 6, ""0010"": 9, ""1110"": 2, ""0001"": 9, ""0101"": 2, ""0000"": 2, ""1011"": 2, ""1101"": 3}",256
test_vqc,146,-1,vqc,156,"{""1100"": 85, ""0110"": 22, ""0010"": 13, ""0101"": 4, ""1001"": 77, ""0111"": 10, ""0100"": 18, ""1000"": 6, ""0011"": 4, ""1101"": 2, ""0001"": 5, ""1011"": 1, ""1110"": 3, ""1010"": 4, ""1111"": 1, ""0000"": 1}",256
test_vqc,147,-1,vqc,157,"{""1100"": 82, ""1000"": 8, ""1001"": 64, ""0010"": 15, ""1010"": 3, ""0001"": 10, ""0111"": 14, ""1101"": 5, ""0100"": 16, ""1011"": 4, ""0011"": 9, ""1111"": 4, ""1110"": 2, ""0110"": 19, ""0101"": 1}",256
test_vqc,148,-1,vqc,158,"{""1001"": 77, ""0100"": 21, ""1100"": 101, ""0110"": 12, ""0111"": 8, ""1010"": 2, ""0010"": 15, ""1110"": 2, ""0001"": 5, ""0101"": 1, ""1101"": 1, ""1000"": 6, ""0011"": 3, ""1111"": 1, ""1011"": 1}",256
test_vqc,149,-1,vqc,159,"{""0001"": 7, ""1001"": 74, ""1100"": 83, ""1000"": 7, ""0110"": 22, ""1110"": 1, ""0010"": 10, ""1010"": 4, ""0011"": 14, ""0100"": 15, ""0111"": 12, ""1101"": 3, ""0000"": 4}",256
test_vqc,150,-1,vqc,160,"{""1100"": 81, ""0001"": 13, ""1000"": 6, ""1001"": 83, ""1010"": 4, ""0110"": 13, ""1101"": 3, ""0100"": 14, ""0010"": 13, ""0000"": 1, ""0101"": 1, ""1110"": 3, ""0111"": 8, ""1011"": 4, ""1111"": 1, ""0011"": 8}",256
test_vqc,151,-1,vqc,161,"{""1100"": 49, ""0110"": 88, ""1001"": 16, ""0011"": 46, ""1110"": 12, ""1000"": 12, ""0100"": 8, ""0111"": 4, ""0010"": 10, ""0101"": 1, ""1010"": 2, ""1101"": 3, ""1011"": 3, ""0001"": 2}",256
test_vqc,152,-1,vqc,162,"{""1100"": 75, ""1001"": 81, ""0011"": 17, ""1000"": 4, ""1101"": 4, ""1110"": 6, ""0110"": 16, ""0010"": 15, ""0101"": 2, ""0100"": 14, ""0111"": 10, ""1111"": 1, ""0001"": 9, ""1010"": 1, ""1011"": 1}",256
test_vqc,153,-1,vqc,163,"{""0100"": 22, ""1011"": 2, ""0111"": 11, ""1001"": 68, ""0110"": 12, ""1000"": 5, ""1100"": 96, ""0010"": 14, ""1110"": 4, ""1101"": 4, ""0000"": 1, ""0011"": 4, ""1010"": 3, ""0001"": 7, ""0101"": 2, ""1111"": 1}",256
test_vqc,154,-1,vqc,164,"{""1100"": 87, ""1001"": 78, ""0000"": 1, ""0010"": 17, ""1000"": 3, ""0110"": 23, ""0100"": 16, ""0001"": 7, ""0111"": 4, ""0011"": 5, ""1010"": 3, ""1011"": 3, ""1101"": 4, ""0101"": 2, ""1110"": 2, ""1111"": 1}",256
test_vqc,155,-1,vqc,165,"{""0101"": 4, ""1001"": 76, ""0100"": 16, ""1100"": 96, ""0111"": 8, ""0110"": 13, ""0011"": 7, ""1010"": 5, ""0010"": 19, ""1011"": 2, ""1111"": 3, ""1101"": 2, ""1000"": 1, ""0000"": 1, ""1110"": 1, ""0001"": 2}",256
test_vqc,156,-1,vqc,166,"{""1100"": 100, ""1001"": 76, ""0001"": 5, ""0111"": 4, ""0011"": 9, ""0010"": 12, ""0000"": 5, ""0110"": 17, ""1101"": 5, ""1000"": 6, ""0100"": 13, ""1011"": 2, ""1110"": 2}",256
test_vqc,157,-1,vqc,167,"{""0010"": 15, ""1100"": 86, ""0111"": 10, ""1001"": 77, ""1011"": 3, ""0100"": 17, ""0001"": 12, ""0110"": 13, ""1000"": 8, ""1010"": 1, ""1101"": 3, ""0101"": 1, ""0011"": 7, ""0000"": 2, ""1111"": 1}",256
test_vqc,158,-1,vqc,168,"{""1110"": 9, ""1100"": 35, ""0110"": 92, ""1001"": 21, ""1010"": 2, ""1000"": 19, ""0011"": 38, ""1011"": 8, ""0010"": 4, ""1101"": 5, ""0100"": 8, ""0000"": 2, ""0001"": 8, ""0111"": 5}",256
test_vqc,159,-1,vqc,169,"{""1100"": 91, ""1000"": 9, ""1001"": 77, ""0011"": 8, ""0110"": 15, ""0010"": 15, ""0100"": 14, ""1111"": 1, ""0111"": 7, ""0101"": 1, ""1010"": 2, ""1011"": 2, ""1101"": 3, ""1110"": 2, ""0001"": 8, ""0000"": 1}",256
test_vqc,160,-1,vqc,170,"{""1001"": 14, ""1100"": 30, ""0110"": 112, ""0011"": 38, ""1101"": 7, ""1110"": 6, ""1000"": 14, ""0010"": 4, ""1011"": 12, ""0101"": 3, ""0100"": 10, ""0001"": 2, ""0000"": 2, ""1010"": 1, ""0111"": 1}",256
test_vqc,161,-1,vqc,171,"{""1100"": 94, ""1001"": 79, ""0100"": 10, ""1000"": 10, ""0110"": 21, ""1010"": 3, ""0111"": 7, ""0001"": 8, ""1101"": 2, ""1111"": 2, ""0010"": 8, ""0011"": 9, ""0000"": 1, ""0101"": 1, ""1110"": 1}",256
test_vqc,162,-1,vqc,172,"{""0010"": 22, ""1001"": 71, ""1100"": 88, ""0011"": 6, ""1011"": 2, ""1110"": 2, ""0001"": 6, ""0110"": 24, ""0100"": 9, ""1000"": 4, ""0111"": 10, ""0000"": 2, ""1101"": 5, ""1010"": 2, ""0101"": 3}",256
test_vqc,163,-1,vqc,173,"{""1100"": 81, ""0110"": 19, ""0100"": 19, ""1001"": 67, ""0000"": 3, ""0010"": 16, ""0101"": 2, ""0111"": 14, ""0011"": 12, ""0001"": 6, ""1101"": 4, ""1000"": 7, ""1010"": 3, ""1111"": 1, ""1110"": 2}",256
test_vqc,164,-1,vqc,174,"{""1001"": 67, ""1000"": 3, ""0110"": 15, ""0011"": 8, ""0010"": 15, ""1110"": 3, ""1100"": 91, ""0100"": 16, ""0001"": 11, ""1010"": 6, ""0000"": 3, ""0101"": 1, ""0111"": 15, ""1111"": 2}",256
test_vqc,165,-1,vqc,175,"{""0001"": 2, ""0110"": 101, ""1100"": 39, ""1000"": 18, ""0100"": 9, ""0011"": 44, ""1011"": 8, ""1110"": 9, ""0000"": 1, ""0010"": 6, ""1001"": 11, ""1101"": 5, ""0111"": 1, ""0101"": 2}",256
test_vqc,166,-1,vqc,176,"{""0011"": 29, ""0111"": 3, ""1000"": 23, ""0110"": 105, ""1100"": 41, ""1011"": 5, ""1101"": 6, ""0100"": 10, ""1001"": 13, ""1110"": 9, ""0000"": 3, ""0010"": 6, ""1010"": 3}",256
test_vqc,167,-1,vqc,177,"{""1001"": 83, ""1100"": 65, ""0010"": 22, ""1110"": 5, ""1000"": 5, ""0111"": 10, ""0110"": 17, ""0101"": 6, ""1010"": 7, ""0001"": 7, ""1101"": 7, ""0100"": 11, ""0011"": 5, ""1111"": 4, ""1011"": 1, ""0000"": 1}",256
test_vqc,168,-1,vqc,178,"{""1100"": 106, ""1001"": 69, ""1000"": 5, ""0011"": 5, ""0010"": 15, ""0100"": 15, ""1010"": 2, ""0111"": 10, ""1110"": 4, ""0110"": 16, ""0001"": 6, ""1111"": 3}",256
test_vqc,169,-1,vqc,179,"{""1001"": 72, ""1100"": 76, ""0100"": 17, ""1101"": 6, ""0110"": 17, ""0000"": 2, ""0101"": 1, ""0010"": 17, ""1010"": 5, ""0011"": 14, ""1000"": 3, ""0001"": 6, ""0111"": 12, ""1111"": 3, ""1011"": 2, ""1110"": 3}",256
test_vqc,170,-1,vqc,180,"{""1001"": 62, ""1100"": 88, ""0010"": 17, ""0110"": 24, ""0111"": 12, ""0100"": 21, ""1110"": 2, ""1000"": 9, ""0001"": 1, ""0011"": 7, ""0000"": 3, ""1011"": 2, ""1111"": 2, ""1010"": 3, ""1101"": 1, ""0101"": 2}",256
test_vqc,171,-1,vqc,181,"{""1100"": 104, ""0110"": 14, ""0011"": 7, ""1001"": 74, ""0100"": 14, ""0001"": 6, ""0111"": 10, ""1000"": 3, ""1111"": 4, ""1101"": 4, ""0010"": 12, ""0101"": 1, ""1010"": 2, ""1110"": 1}",256
test_vqc,172,-1,vqc,182,"{""0110"": 96, ""1110"": 10, ""1000"": 18, ""1011"": 5, ""0011"": 40, ""0010"": 7, ""0001"": 3, ""1100"": 43, ""1101"": 1, ""1001"": 15, ""0100"": 9, ""0101"": 1, ""0111"": 4, ""0000"": 2, ""1010"": 2}",256
test_vqc,173,-1,vqc,183,"{""1000"": 4, ""1100"": 111, ""0011"": 7, ""1001"": 64, ""1110"": 3, ""0111"": 7, ""0001"": 9, ""0110"": 16, ""0010"": 25, ""1101"": 3, ""1011"": 2, ""1010"": 1, ""0100"": 2, ""0101"": 2}",256
test_vqc,174,-1,vqc,184,"{""1100"": 86, ""1001"": 74, ""0110"": 19, ""1110"": 3, ""0001"": 8, ""0100"": 8, ""1111"": 1, ""0010"": 24, ""0011"": 13, ""0111"": 11, ""1000"": 5, ""1010"": 2, ""1101"": 1, ""0000"": 1}",256
test_vqc,175,-1,vqc,185,"{""0100"": 12, ""1010"": 3, ""1100"": 32, ""0011"": 52, ""1011"": 7, ""0110"": 92, ""0010"": 10, ""0001"": 4, ""1101"": 8, ""1000"": 17, ""1001"": 10, ""1110"": 7, ""0111"": 1, ""0000"": 1}",256
test_vqc,176,-1,vqc,186,"{""0110"": 96, ""0100"": 10, ""1101"": 6, ""0011"": 38, ""1000"": 15, ""1001"": 17, ""1100"": 31, ""0001"": 2, ""0010"": 9, ""0000"": 3, ""1011"": 12, ""1110"": 10, ""0111"": 6, ""1010"": 1}",256
test_vqc,177,-1,vqc,187,"{""1001"": 72, ""1100"": 83, ""0100"": 17, ""0110"": 24, ""0011"": 7, ""1000"": 9, ""0010"": 15, ""1010"": 3, ""0000"": 2, ""1111"": 2, ""1110"": 4, ""0001"": 6, ""1011"": 1, ""0111"": 10, ""0101"": 1}",256
test_vqc,178,-1,vqc,188,"{""1100"": 76, ""1001"": 85, ""0110"": 17, ""1011"": 3, ""0100"": 17, ""0011"": 5, ""0111"": 8, ""0010"": 22, ""1111"": 2, ""0001"": 4, ""0101"": 3, ""1101"": 1, ""1000"": 6, ""1010"": 3, ""0000"": 2, ""1110"": 2}",256
test_vqc,179,-1,vqc,189,"{""0110"": 108, ""1100"": 42, ""0011"": 36, ""1000"": 13, ""1110"": 7, ""0111"": 3, ""0100"": 4, ""1001"": 12, ""0010"": 6, ""1011"": 12, ""1101"": 7, ""1010"": 2, ""0001"": 2, ""1111"": 1, ""0000"": 1}",256
test_vqc,180,-1,vqc,190,"{""0111"": 9, ""1100"": 79, ""1001"": 82, ""1110"": 4, ""0110"": 22, ""0100"": 18, ""1000"": 6, ""0010"": 12, ""0001"": 6, ""0011"": 9, ""0101"": 1, ""1010"": 1, ""0000"": 2, ""1101"": 4, ""1011"": 1}",256
test_vqc,181,-1,vqc,191,"{""1100"": 79, ""1001"": 77, ""0100"": 22, ""0110"": 19, ""1010"": 7, ""0000"": 3, ""0010"": 13, ""1110"": 2, ""1101"": 6, ""1011"": 3, ""0011"": 7, ""0001"": 7, ""0111"": 5, ""1000"": 4, ""0101"": 2}",256
test_vqc,182,-1,vqc,192,"{""1001"": 64, ""0110"": 26, ""1100"": 87, ""0011"": 8, ""1010"": 5, ""0010"": 17, ""0001"": 9, ""0100"": 12, ""1000"": 8, ""0111"": 10, ""1011"": 2, ""1110"": 4, ""1111"": 3, ""1101"": 1}",256
test_vqc,183,-1,vqc,193,"{""1001"": 13, ""1100"": 48, ""0110"": 84, ""1011"": 12, ""0100"": 11, ""0011"": 48, ""0001"": 5, ""1000"": 15, ""1110"": 7, ""1010"": 2, ""0010"": 5, ""1101"": 3, ""0111"": 3}",256
test_vqc,184,-1,vqc,194,"{""1011"": 10, ""0011"": 36, ""1110"": 10, ""0110"": 103, ""1000"": 23, ""0010"": 8, ""1100"": 33, ""0001"": 5, ""1001"": 7, ""0100"": 12, ""0101"": 1, ""1010"": 3, ""0111"": 4, ""1101"": 1}",256
test_vqc,185,-1,vqc,195,"{""1100"": 41, ""0110"": 90, ""0011"": 38, ""0010"": 13, ""1001"": 9, ""1000"": 23, ""1011"": 3, ""1110"": 7, ""0111"": 4, ""0100"": 10, ""1101"": 9, ""1010"": 5, ""0001"": 1, ""0000"": 2, ""0101"": 1}",256
test_vqc,186,-1,vqc,196,"{""0110"": 102, ""1100"": 39, ""1110"": 8, ""0011"": 43, ""0010"": 8, ""0111"": 4, ""1011"": 7, ""1000"": 13, ""1101"": 3, ""0100"": 7, ""0000"": 1, ""0001"": 1, ""0101"": 2, ""1001"": 16, ""1010"": 2}",256
test_vqc,187,-1,vqc,197,"{""1000"": 4, ""0110"": 21, ""1100"": 80, ""1010"": 2, ""0100"": 12, ""1011"": 2, ""1001"": 82, ""0111"": 12, ""0001"": 6, ""0011"": 7, ""1110"": 3, ""1101"": 5, ""0010"": 18, ""0101"": 2}",256
test_vqc,188,-1,vqc,198,"{""1000"": 4, ""1100"": 84, ""0110"": 19, ""1001"": 67, ""0010"": 20, ""0011"": 11, ""1010"": 4, ""0111"": 13, ""0100"": 14, ""1101"": 4, ""1011"": 5, ""0001"": 6, ""1111"": 1, ""0000"": 3, ""0101"": 1}",256
test_vqc,189,-1,vqc,199,"{""1100"": 92, ""1001"": 67, ""1101"": 3, ""0010"": 19, ""0001"": 8, ""0110"": 15, ""1000"": 6, ""0100"": 20, ""0011"": 8, ""1111"": 1, ""0111"": 5, ""0000"": 2, ""1011"": 7, ""0101"": 1, ""1010"": 1, ""1110"": 1}",256
test_vqc,190,-1,vqc,200,"{""1100"": 88, ""1001"": 78, ""0011"": 7, ""0100"": 20, ""0110"": 18, ""0000"": 2, ""1010"": 7, ""0101"": 2, ""0010"": 9, ""0001"": 3, ""1000"": 2, ""1011"": 2, ""0111"": 13, ""1101"": 2, ""1111"": 1, ""1110"": 2}",256
test_vqc,191,-1,vqc,201,"{""1100"": 91, ""1001"": 68, ""0010"": 21, ""0111"": 13, ""1000"": 4, ""0100"": 20, ""1010"": 4, ""0011"": 5, ""0001"": 4, ""1110"": 2, ""0110"": 16, ""1111"": 2, ""1101"": 4, ""1011"": 2}",256
test_vqc,192,-1,vqc,202,"{""0110"": 19, ""1100"": 86, ""0111"": 9, ""1001"": 74, ""0010"": 24, ""1000"": 7, ""0000"": 1, ""0100"": 14, ""0001"": 8, ""1011"": 3, ""1101"": 1, ""1010"": 2, ""1111"": 1, ""1110"": 2, ""0011"": 4, ""0101"": 1}",256
test_vqc,193,-1,vqc,203,"{""1100"": 95, ""0011"": 10, ""1001"": 72, ""0111"": 6, ""1000"": 4, ""0001"": 3, ""0010"": 21, ""0100"": 17, ""1101"": 3, ""0110"": 19, ""1110"": 2, ""1111"": 1, ""0101"": 1, ""1010"": 2}",256
test_vqc,194,-1,vqc,204,"{""1100"": 81, ""0010"": 16, ""1101"": 4, ""0110"": 21, ""0111"": 8, ""1001"": 75, ""0100"": 20, ""0011"": 7, ""1000"": 5, ""0001"": 10, ""1010"": 3, ""1011"": 2, ""1110"": 1, ""0000"": 1, ""0101"": 1, ""1111"": 1}",256
test_vqc,195,-1,vqc,205,"{""1000"": 8, ""1001"": 78, ""1100"": 85, ""1011"": 2, ""0111"": 7, ""0001"": 7, ""0100"": 17, ""0011"": 11, ""1101"": 5, ""0110"": 16, ""0010"": 11, ""0101"": 3, ""1111"": 1, ""0000"": 2, ""1010"": 2, ""1110"": 1}",256
test_vqc,196,-1,vqc,206,"{""1000"": 5, ""0010"": 19, ""1011"": 1, ""1001"": 79, ""0110"": 17, ""1100"": 93, ""1101"": 5, ""0000"": 4, ""0011"": 4, ""0111"": 3, ""0001"": 8, ""0100"": 10, ""1010"": 3, ""0101"": 2, ""1110"": 3}",256
test_vqc,197,-1,vqc,207,"{""0001"": 6, ""0010"": 12, ""0011"": 2, ""1100"": 85, ""0110"": 15, ""1000"": 11, ""1001"": 87, ""0111"": 17, ""1010"": 5, ""0101"": 2, ""0100"": 9, ""1101"": 4, ""1011"": 1}",256
test_vqc,198,-1,vqc,208,"{""1001"": 70, ""1100"": 78, ""0110"": 27, ""1010"": 5, ""0010"": 16, ""1000"": 6, ""0001"": 7, ""0011"": 7, ""0111"": 13, ""0101"": 1, ""0100"": 14, ""1101"": 5, ""1011"": 5, ""1110"": 2}",256
test_vqc,199,-1,vqc,209,"{""1001"": 11, ""0110"": 93, ""1100"": 47, ""0010"": 9, ""1000"": 18, ""0001"": 2, ""0011"": 39, ""1011"": 10, ""1110"": 11, ""1101"": 8, ""1010"": 5, ""0100"": 1, ""0111"": 2}",256
test_vqc,200,-1,vqc,210,"{""1100"": 80, ""1001"": 85, ""0010"": 27, ""0001"": 4, ""1000"": 4, ""0110"": 20, ""0111"": 10, ""1010"": 3, ""0011"": 3, ""0100"": 11, ""1011"": 4, ""1110"": 3, ""0000"": 1, ""1101"": 1}",256
test_vqc,201,-1,vqc,211,"{""0011"": 40, ""0110"": 95, ""1000"": 19, ""0100"": 6, ""1110"": 15, ""1001"": 16, ""0000"": 1, ""1100"": 38, ""1010"": 1, ""0010"": 11, ""1101"": 3, ""0001"": 2, ""1011"": 5, ""0111"": 3, ""0101"": 1}",256
test_vqc,202,-1,vqc,212,"{""1100"": 78, ""0110"": 29, ""0000"": 1, ""0001"": 9, ""1011"": 7, ""1000"": 8, ""1001"": 62, ""0011"": 16, ""0010"": 14, ""1101"": 6, ""1110"": 4, ""1010"": 3, ""0111"": 11, ""0101"": 1, ""0100"": 6, ""1111"": 1}",256
test_vqc,203,-1,vqc,213,"{""0110"": 108, ""0100"": 9, ""0111"": 4, ""1100"": 35, ""1000"": 23, ""1110"": 7, ""0011"": 41, ""1101"": 4, ""1011"": 2, ""1001"": 15, ""1010"": 1, ""0010"": 3, ""0001"": 1, ""0000"": 1, ""0101"": 2}",256
test_vqc,204,-1,vqc,214,"{""0011"": 37, ""0110"": 93, ""0000"": 3, ""1100"": 35, ""1000"": 24, ""1101"": 7, ""1110"": 11, ""0010"": 6, ""1001"": 16, ""0111"": 3, ""1011"": 5, ""0100"": 12, ""1010"": 2, ""1111"": 1, ""0001"": 1}",256
test_vqc,205,-1,vqc,215,"{""1000"": 21, ""1100"": 30, ""0011"": 36, ""0110"": 108, ""0010"": 7, ""1001"": 17, ""1110"": 9, ""1011"": 10, ""0111"": 3, ""1101"": 2, ""0100"": 5, ""0000"": 2, ""1010"": 3, ""0101"": 1, ""0001"": 2}",256
test_vqc,206,-1,vqc,216,"{""1100"": 83, ""1001"": 70, ""0111"": 14, ""0100"": 17, ""0001"": 9, ""0110"": 16, ""0010"": 20, ""0011"": 4, ""0101"": 3, ""1111"": 2, ""0000"": 3, ""1000"": 8, ""1101"": 4, ""1010"": 1, ""1011"": 1, ""1110"": 1}",256
test_vqc,207,-1,vqc,217,"{""1001"": 80, ""1100"": 78, ""0010"": 18, ""0100"": 18, ""0110"": 14, ""0011"": 13, ""0111"": 8, ""0101"": 2, ""1010"": 4, ""1000"": 6, ""0001"": 7, ""0000"": 3, ""1111"": 2, ""1110"": 2, ""1101"": 1}",256
test_vqc,208,-1,vqc,218,"{""1100"": 82, ""0100"": 16, ""1001"": 75, ""1000"": 7, ""0111"": 7, ""0010"": 15, ""0110"": 22, ""0000"": 3, ""1011"": 6, ""0011"": 6, ""0001"": 11, ""1101"": 2, ""1111"": 2, ""1110"": 1, ""1010"": 1}",256
test_vqc,209,-1,vqc,219,"{""1100"": 90, ""0110"": 12, ""1101"": 3, ""1001"": 67, ""0001"": 7, ""0100"": 16, ""1111"": 2, ""0010"": 13, ""0111"": 13, ""0101"": 2, ""1010"": 5, ""0000"": 3, ""1000"": 9, ""1011"": 3, ""0011"": 9, ""1110"": 2}",256
test_vqc,210,-1,vqc,220,"{""1001"": 71, ""1101"": 3, ""1100"": 76, ""1000"": 5, ""1110"": 3, ""0110"": 16, ""0001"": 10, ""0100"": 21, ""0111"": 9, ""0011"": 12, ""1010"": 3, ""0000"": 1, ""0010"": 20, ""1111"": 5, ""0101"": 1}",256
test_vqc,211,-1,vqc,221,"{""0110"": 19, ""1100"": 80, ""0010"": 17, ""1001"": 73, ""0000"": 3, ""0100"": 21, ""0111"": 11, ""1101"": 6, ""0011"": 8, ""0001"": 3, ""1010"": 5, ""1000"": 6, ""1110"": 2, ""1011"": 2}",256
test_vqc,212,-1,vqc,222,"{""0110"": 98, ""0011"": 28, ""1011"": 5, ""1100"": 37, ""1000"": 29, ""0010"": 8, ""0100"": 7, ""1001"": 19, ""0111"": 4, ""0001"": 3, ""1101"": 7, ""0101"": 1, ""1110"": 8, ""0000"": 1, ""1010"": 1}",256
test_vqc,213,-1,vqc,223,"{""0011"": 44, ""0110"": 99, ""0100"": 9, ""1101"": 3, ""0010"": 6, ""0111"": 4, ""1001"": 11, ""1000"": 22, ""1100"": 37, ""1110"": 5, ""1011"": 9, ""1010"": 2, ""0001"": 4, ""0101"": 1}",256
test_vqc,214,-1,vqc,224,"{""1110"": 6, ""0110"": 90, ""0011"": 47, ""1001"": 19, ""0111"": 5, ""1011"": 13, ""1100"": 38, ""0100"": 8, ""0010"": 6, ""1101"": 6, ""1111"": 1, ""0101"": 1, ""1000"": 10, ""0000"": 3, ""0001"": 3}",256
test_vqc,215,-1,vqc,225,"{""1001"": 70, ""1100"": 79, ""0110"": 16, ""1000"": 9, ""0100"": 22, ""0011"": 9, ""0010"": 20, ""0111"": 9, ""0001"": 9, ""1010"": 4, ""1101"": 4, ""1110"": 1, ""1011"": 2, ""0000"": 2}",256
test_vqc,216,-1,vqc,226,"{""1001"": 76, ""0010"": 20, ""0111"": 10, ""1100"": 84, ""1000"": 9, ""0011"": 5, ""0110"": 16, ""0100"": 17, ""1101"": 5, ""1011"": 2, ""0000"": 4, ""0101"": 2, ""0001"": 6}",256
test_vqc,217,-1,vqc,227,"{""0110"": 18, ""0010"": 18, ""1100"": 80, ""1000"": 7, ""1001"": 80, ""0100"": 11, ""0000"": 2, ""1111"": 2, ""0111"": 8, ""1101"": 3, ""0001"": 7, ""0011"": 12, ""0101"": 1, ""1110"": 3, ""1011"": 2, ""1010"": 2}",256
test_vqc,218,-1,vqc,228,"{""1100"": 98, ""0010"": 17, ""1001"": 70, ""0111"": 5, ""0100"": 11, ""0110"": 17, ""0011"": 8, ""1011"": 3, ""0001"": 4, ""1000"": 10, ""1111"": 3, ""0101"": 1, ""1010"": 2, ""1101"": 4, ""1110"": 2, ""0000"": 1}",256
test_vqc,219,-1,vqc,229,"{""0111"": 4, ""1100"": 36, ""1001"": 15, ""1000"": 16, ""0110"": 99, ""1101"": 11, ""1010"": 3, ""1110"": 12, ""0011"": 32, ""0100"": 12, ""1011"": 6, ""0010"": 5, ""0101"": 1, ""0001"": 3, ""0000"": 1}",256
test_vqc,220,-1,vqc,230,"{""1100"": 84, ""1001"": 67, ""0111"": 7, ""0010"": 16, ""0100"": 25, ""0011"": 10, ""1110"": 3, ""0110"": 21, ""0101"": 3, ""1000"": 7, ""0001"": 6, ""1011"": 2, ""1111"": 2, ""1101"": 3}",256
test_vqc,221,-1,vqc,231,"{""1100"": 88, ""1001"": 75, ""0011"": 8, ""1011"": 4, ""0110"": 22, ""0111"": 12, ""0100"": 12, ""0010"": 11, ""0000"": 3, ""0001"": 8, ""1000"": 7, ""1101"": 3, ""1010"": 2, ""0101"": 1}",256
test_vqc,222,-1,vqc,232,"{""0010"": 20, ""1001"": 75, ""1100"": 80, ""0100"": 12, ""1000"": 8, ""0000"": 2, ""0111"": 9, ""0011"": 11, ""0110"": 26, ""0001"": 6, ""1010"": 4, ""1110"": 1, ""1011"": 1, ""1101"": 1}",256
test_vqc,223,-1,vqc,233,"{""1001"": 64, ""0001"": 8, ""0111"": 11, ""1100"": 84, ""0110"": 24, ""0011"": 11, ""1110"": 3, ""1011"": 1, ""0010"": 15, ""1000"": 6, ""0100"": 20, ""1111"": 2, ""1101"": 2, ""0101"": 2, ""1010"": 2, ""0000"": 1}",256
test_vqc,224,-1,vqc,234,"{""1000"": 3, ""1001"": 58, ""1100"": 100, ""0110"": 24, ""0111"": 14, ""0001"": 4, ""0011"": 11, ""0100"": 15, ""0101"": 2, ""0010"": 15, ""1101"": 1, ""1110"": 3, ""1011"": 3, ""1111"": 2, ""1010"": 1}",256
test_vqc,225,-1,vqc,235,"{""1100"": 80, ""0100"": 24, ""1001"": 73, ""0110"": 27, ""0010"": 16, ""1000"": 7, ""0011"": 8, ""0001"": 4, ""1010"": 3, ""1011"": 1, ""1111"": 1, ""1101"": 2, ""0111"": 6, ""1110"": 3, ""0101"": 1}",256
test_vqc,226,-1,vqc,236,"{""0110"": 110, ""1101"": 6, ""1100"": 46, ""1110"": 8, ""1000"": 17, ""0100"": 7, ""0011"": 28, ""1011"": 6, ""1001"": 10, ""0010"": 9, ""1010"": 3, ""0111"": 2, ""0000"": 1, ""0001"": 3}",256
test_vqc,227,-1,vqc,237,"{""0010"": 15, ""1100"": 89, ""0110"": 19, ""1001"": 64, ""0111"": 13, ""1000"": 7, ""1101"": 7, ""0100"": 16, ""0011"": 10, ""1111"": 3, ""1011"": 5, ""1110"": 1, ""0001"": 4, ""1010"": 3}",256
test_vqc,228,-1,vqc,238,"{""1100"": 95, ""1001"": 72, ""1010"": 2, ""0001"": 4, ""0011"": 5, ""0110"": 20, ""0100"": 10, ""0010"": 16, ""1101"": 4, ""0111"": 8, ""1000"": 8, ""0000"": 2, ""0101"": 3, ""1011"": 2, ""1111"": 4, ""1110"": 1}",256
test_vqc,229,-1,vqc,239,"{""1100"": 92, ""0011"": 8, ""0100"": 12, ""1001"": 72, ""0110"": 19, ""0111"": 9, ""0001"": 5, ""1000"": 7, ""1101"": 2, ""0000"": 2, ""0010"": 15, ""1011"": 1, ""1010"": 6, ""1110"": 3, ""1111"": 1, ""0101"": 2}",256
test_vqc,230,-1,vqc,240,"{""1100"": 85, ""0101"": 2, ""1001"": 66, ""0100"": 13, ""1000"": 6, ""0010"": 20, ""0111"": 7, ""0110"": 21, ""1010"": 5, ""0011"": 12, ""0001"": 12, ""1111"": 1, ""1110"": 3, ""0000"": 1, ""1101"": 2}",256
test_vqc,231,-1,vqc,241,"{""0100"": 10, ""0110"": 87, ""1100"": 32, ""0011"": 41, ""1110"": 13, ""1000"": 24, ""1011"": 12, ""0001"": 2, ""0010"": 9, ""1001"": 19, ""1010"": 1, ""0111"": 3, ""1101"": 2, ""0000"": 1}",256
test_vqc,232,-1,vqc,242,"{""1001"": 84, ""1100"": 80, ""0100"": 13, ""0010"": 15, ""0110"": 18, ""1010"": 3, ""0111"": 7, ""1000"": 5, ""0001"": 9, ""0011"": 10, ""0101"": 2, ""1111"": 2, ""1011"": 3, ""1110"": 2, ""1101"": 2, ""0000"": 1}",256
test_vqc,233,-1,vqc,243,"{""0100"": 14, ""0110"": 20, ""1100"": 99, ""1001"": 62, ""0001"": 5, ""0111"": 16, ""0011"": 6, ""0010"": 22, ""1010"": 2, ""1011"": 1, ""1101"": 2, ""0101"": 1, ""1000"": 2, ""1111"": 2, ""1110"": 2}",256
test_vqc,234,-1,vqc,244,"{""1001"": 73, ""1100"": 74, ""0011"": 15, ""0100"": 19, ""0000"": 3, ""0010"": 22, ""0001"": 5, ""1110"": 6, ""1111"": 1, ""0110"": 22, ""0111"": 4, ""0101"": 1, ""1011"": 1, ""1000"": 5, ""1010"": 1, ""1101"": 4}",256
test_vqc,235,-1,vqc,245,"{""0110"": 101, ""0100"": 13, ""1001"": 13, ""1100"": 29, ""0011"": 38, ""1000"": 21, ""1011"": 10, ""1010"": 3, ""1110"": 9, ""0101"": 1, ""1101"": 6, ""0010"": 9, ""0111"": 1, ""1111"": 1, ""0001"": 1}",256
test_vqc,236,-1,vqc,246,"{""1100"": 80, ""0100"": 16, ""1001"": 73, ""0110"": 21, ""1010"": 3, ""0010"": 13, ""0011"": 11, ""1110"": 2, ""1011"": 2, ""0111"": 13, ""0001"": 4, ""1101"": 6, ""1000"": 9, ""0101"": 1, ""1111"": 2}",256
test_vqc,237,-1,vqc,247,"{""0010"": 15, ""0110"": 35, ""0111"": 12, ""0011"": 9, ""1100"": 76, ""1001"": 75, ""0100"": 13, ""0101"": 3, ""1101"": 3, ""1000"": 7, ""1111"": 1, ""0001"": 5, ""1010"": 1, ""1011"": 1}",256
test_vqc,238,-1,vqc,248,"{""1001"": 13, ""1110"": 12, ""1100"": 32, ""1000"": 27, ""0110"": 82, ""0111"": 3, ""1101"": 10, ""0011"": 40, ""0010"": 13, ""1011"": 8, ""0100"": 7, ""0101"": 2, ""1010"": 3, ""0000"": 2, ""1111"": 1, ""0001"": 1}",256
test_vqc,239,-1,vqc,249,"{""0111"": 18, ""1001"": 79, ""0010"": 13, ""1100"": 92, ""1000"": 6, ""1011"": 2, ""0101"": 1, ""0001"": 4, ""0110"": 13, ""1010"": 3, ""1101"": 6, ""0011"": 5, ""0100"": 12, ""0000"": 1, ""1110"": 1}",256
test_vqc,240,-1,vqc,250,"{""1100"": 93, ""0111"": 10, ""1000"": 7, ""1001"": 69, ""0100"": 15, ""0110"": 24, ""0010"": 17, ""0000"": 2, ""0001"": 4, ""0011"": 7, ""1101"": 3, ""1111"": 2, ""1011"": 3}",256
test_vqc,241,-1,vqc,251,"{""0110"": 96, ""0010"": 12, ""1110"": 11, ""0011"": 42, ""1100"": 35, ""1001"": 15, ""1000"": 16, ""1011"": 8, ""1101"": 8, ""1111"": 1, ""0100"": 7, ""1010"": 3, ""0000"": 1, ""0111"": 1}",256
test_vqc,242,-1,vqc,252,"{""1001"": 92, ""0100"": 12, ""0111"": 8, ""1000"": 5, ""1010"": 1, ""1100"": 91, ""0001"": 7, ""0010"": 8, ""0110"": 13, ""1110"": 4, ""0011"": 7, ""0000"": 1, ""1101"": 5, ""0101"": 1, ""1011"": 1}",256
test_vqc,243,-1,vqc,253,"{""0110"": 21, ""0011"": 16, ""1001"": 84, ""1100"": 67, ""1000"": 7, ""0010"": 15, ""0000"": 2, ""0111"": 15, ""0100"": 12, ""1110"": 5, ""1101"": 3, ""1010"": 1, ""0001"": 5, ""1011"": 1, ""0101"": 2}",256
test_vqc,244,-1,vqc,254,"{""0010"": 13, ""0111"": 17, ""0110"": 12, ""1001"": 68, ""1100"": 99, ""0011"": 8, ""0100"": 12, ""1000"": 6, ""1110"": 4, ""0101"": 4, ""0001"": 5, ""1101"": 5, ""1010"": 2, ""0000"": 1}",256
test_vqc,245,-1,vqc,255,"{""1100"": 39, ""1101"": 6, ""1010"": 7, ""1110"": 11, ""1001"": 15, ""0110"": 84, ""0100"": 13, ""0101"": 1, ""1000"": 18, ""1011"": 9, ""1111"": 1, ""0011"": 35, ""0111"": 7, ""0010"": 8, ""0001"": 2}",256
test_vqc,246,-1,vqc,256,"{""1001"": 74, ""1100"": 87, ""0110"": 17, ""0111"": 10, ""0100"": 12, ""0010"": 15, ""0011"": 10, ""1000"": 8, ""1101"": 3, ""1011"": 2, ""0000"": 2, ""0001"": 7, ""0101"": 2, ""1010"": 4, ""1110"": 3}",256
test_vqc,247,-1,vqc,257,"{""1001"": 74, ""0010"": 18, ""1100"": 91, ""0110"": 19, ""0111"": 10, ""0011"": 8, ""0001"": 8, ""0101"": 2, ""1011"": 1, ""1101"": 3, ""1110"": 3, ""0100"": 10, ""1000"": 5, ""0000"": 2, ""1111"": 1, ""1010"": 1}",256
test_vqc,248,-1,vqc,258,"{""1001"": 67, ""0110"": 21, ""1100"": 90, ""0100"": 19, ""0111"": 11, ""0011"": 11, ""0010"": 7, ""0001"": 6, ""1000"": 6, ""1101"": 5, ""1110"": 3, ""1010"": 4, ""0000"": 3, ""0101"": 2, ""1011"": 1}",256
test_vqc,249,-1,vqc,259,"{""1100"": 105, ""0110"": 16, ""0010"": 16, ""1110"": 3, ""1001"": 63, ""0100"": 15, ""0011"": 8, ""0111"": 8, ""0001"": 6, ""1000"": 6, ""1010"": 4, ""1101"": 3, ""0101"": 2, ""1111"": 1}",256
test_vqc,250,-1,vqc,260,"{""0011"": 39, ""0100"": 12, ""1100"": 45, ""1001"": 9, ""1011"": 17, ""1000"": 20, ""0110"": 81, ""1110"": 8, ""0010"": 9, ""0001"": 2, ""0000"": 4, ""1101"": 7, ""0111"": 2, ""0101"": 1}",256
test_vqc,251,-1,vqc,261,"{""1000"": 6, ""1100"": 86, ""0110"": 19, ""1001"": 77, ""0011"": 8, ""0111"": 7, ""0010"": 18, ""0100"": 11, ""0101"": 1, ""1011"": 2, ""1111"": 3, ""0000"": 3, ""1101"": 2, ""1110"": 6, ""1010"": 5, ""0001"": 2}",256
test_vqc,252,-1,vqc,262,"{""0100"": 11, ""0011"": 60, ""0110"": 92, ""1000"": 10, ""1100"": 34, ""1001"": 19, ""0010"": 6, ""1110"": 6, ""1011"": 7, ""0111"": 2, ""1101"": 6, ""1010"": 2, ""0001"": 1}",256
test_vqc,253,-1,vqc,263,"{""1001"": 77, ""0110"": 22, ""0010"": 23, ""1000"": 8, ""0100"": 20, ""0001"": 9, ""1100"": 74, ""0011"": 5, ""0111"": 9, ""1101"": 3, ""1010"": 5, ""1011"": 1}",256
test_vqc,254,-1,vqc,264,"{""0110"": 84, ""1100"": 36, ""0010"": 8, ""1101"": 10, ""1000"": 20, ""0111"": 3, ""0011"": 44, ""1001"": 13, ""1011"": 8, ""1110"": 10, ""1010"": 5, ""0100"": 8, ""0001"": 5, ""0101"": 1, ""1111"": 1}",256
test_vqc,255,-1,vqc,265,"{""1001"": 73, ""0010"": 14, ""0110"": 15, ""0100"": 14, ""0011"": 10, ""1100"": 94, ""0111"": 13, ""1010"": 4, ""1101"": 4, ""1000"": 7, ""0001"": 2, ""1110"": 4, ""1111"": 1, ""0000"": 1}",256
test_vqc,256,-1,vqc,266,"{""1100"": 95, ""1001"": 66, ""1010"": 8, ""0010"": 23, ""0111"": 7, ""0100"": 15, ""0101"": 1, ""0001"": 7, ""1101"": 6, ""0011"": 8, ""1000"": 7, ""1011"": 2, ""0110"": 9, ""1110"": 1, ""0000"": 1}",256
test_vqc,257,-1,vqc,267,"{""0110"": 93, ""1100"": 35, ""1000"": 24, ""1110"": 12, ""0010"": 9, ""0100"": 7, ""0011"": 40, ""1001"": 12, ""0101"": 2, ""0001"": 4, ""0000"": 3, ""0111"": 3, ""1011"": 9, ""1010"": 1, ""1101"": 2}",256
test_vqc,258,-1,vqc,268,"{""1100"": 35, ""0110"": 98, ""0011"": 38, ""1101"": 9, ""1000"": 19, ""1110"": 8, ""0100"": 9, ""1001"": 12, ""0010"": 11, ""1011"": 8, ""0001"": 3, ""0111"": 5, ""1010"": 1}",256
test_vqc,259,-1,vqc,269,"{""1000"": 3, ""1100"": 95, ""0110"": 15, ""0011"": 5, ""0100"": 15, ""0010"": 20, ""1001"": 74, ""0111"": 10, ""0001"": 5, ""1110"": 2, ""1101"": 7, ""1111"": 1, ""0000"": 2, ""1010"": 2}",256
test_vqc,260,-1,vqc,270,"{""0100"": 17, ""0111"": 12, ""1001"": 67, ""0001"": 7, ""1100"": 80, ""0110"": 15, ""1101"": 8, ""1110"": 3, ""1111"": 1, ""0011"": 12, ""0010"": 20, ""1000"": 8, ""1010"": 3, ""1011"": 1, ""0000"": 1, ""0101"": 1}",256
test_vqc,261,-1,vqc,271,"{""1100"": 88, ""1001"": 70, ""0100"": 10, ""0110"": 28, ""1010"": 5, ""0010"": 15, ""0011"": 13, ""0111"": 13, ""0001"": 4, ""0000"": 1, ""1101"": 2, ""1011"": 2, ""0101"": 2, ""1000"": 1, ""1110"": 2}",256
test_vqc,262,-1,vqc,272,"{""0001"": 5, ""0100"": 15, ""1100"": 90, ""0110"": 22, ""1001"": 61, ""1110"": 3, ""0011"": 15, ""0111"": 11, ""1111"": 3, ""0010"": 17, ""1000"": 8, ""1101"": 2, ""1011"": 1, ""1010"": 3}",256
test_vqc,263,-1,vqc,273,"{""1100"": 48, ""1000"": 11, ""1101"": 12, ""0011"": 32, ""0110"": 99, ""0111"": 6, ""1110"": 7, ""0100"": 5, ""1010"": 5, ""1001"": 15, ""0010"": 6, ""1111"": 1, ""1011"": 4, ""0001"": 2, ""0000"": 2, ""0101"": 1}",256
test_vqc,264,-1,vqc,274,"{""0110"": 21, ""1001"": 75, ""1100"": 77, ""0111"": 9, ""0011"": 9, ""0010"": 19, ""0101"": 2, ""1101"": 3, ""1000"": 7, ""1011"": 8, ""1010"": 2, ""0001"": 9, ""0100"": 14, ""1111"": 1}",256
test_vqc,265,-1,vqc,275,"{""1100"": 93, ""0100"": 17, ""1001"": 61, ""1110"": 3, ""0010"": 21, ""0111"": 7, ""0001"": 7, ""0110"": 15, ""1000"": 7, ""1011"": 4, ""0011"": 15, ""1101"": 3, ""0101"": 1, ""1111"": 2}",256
test_vqc,266,-1,vqc,276,"{""1100"": 90, ""1001"": 73, ""0011"": 11, ""1000"": 9, ""1111"": 4, ""0010"": 16, ""0110"": 22, ""1110"": 3, ""0100"": 10, ""0111"": 10, ""0101"": 1, ""1011"": 1, ""0001"": 3, ""1101"": 3}",256
test_vqc,267,-1,vqc,277,"{""0011"": 42, ""1100"": 44, ""0110"": 97, ""1101"": 6, ""1000"": 12, ""1011"": 10, ""0010"": 10, ""0100"": 6, ""1110"": 6, ""1010"": 3, ""1001"": 15, ""0111"": 4, ""0001"": 1}",256
test_vqc,268,-1,vqc,278,"{""0110"": 84, ""0011"": 46, ""1000"": 22, ""1100"": 46, ""0001"": 1, ""1011"": 7, ""1110"": 8, ""1101"": 7, ""0000"": 1, ""0111"": 3, ""0100"": 11, ""1001"": 9, ""1010"": 4, ""0010"": 7}",256
test_vqc,269,-1,vqc,279,"{""1100"": 89, ""1001"": 82, ""0111"": 3, ""0110"": 16, ""0100"": 14, ""0001"": 11, ""0010"": 12, ""1101"": 2, ""0011"": 8, ""0000"": 2, ""1000"": 7, ""1110"": 2, ""1010"": 7, ""1011"": 1}",256
test_vqc,270,-1,vqc,280,"{""1001"": 62, ""1100"": 97, ""0010"": 19, ""0100"": 18, ""0110"": 16, ""0000"": 3, ""0111"": 12, ""0011"": 11, ""0101"": 2, ""1110"": 2, ""1101"": 2, ""1011"": 3, ""1010"": 1, ""1000"": 6, ""0001"": 2}",256
test_vqc,271,-1,vqc,281,"{""1001"": 57, ""1010"": 3, ""1100"": 100, ""0110"": 22, ""1110"": 1, ""0010"": 12, ""1000"": 6, ""0111"": 13, ""0011"": 12, ""0001"": 5, ""0100"": 16, ""0000"": 4, ""0101"": 2, ""1011"": 2, ""1111"": 1}",256
test_vqc,272,-1,vqc,282,"{""1100"": 35, ""0011"": 27, ""0010"": 7, ""0110"": 114, ""1000"": 18, ""1001"": 15, ""1011"": 11, ""0100"": 9, ""1110"": 10, ""0001"": 1, ""0111"": 2, ""0101"": 3, ""1101"": 3, ""1010"": 1}",256
test_vqc,273,-1,vqc,283,"{""0110"": 89, ""1100"": 40, ""0011"": 38, ""0010"": 15, ""1110"": 13, ""0100"": 11, ""1000"": 20, ""1001"": 13, ""1010"": 2, ""1101"": 4, ""1011"": 7, ""0000"": 2, ""0111"": 2}",256
test_vqc,274,-1,vqc,284,"{""1100"": 99, ""0110"": 23, ""1001"": 66, ""0001"": 7, ""0011"": 4, ""0100"": 15, ""0010"": 17, ""0111"": 8, ""1000"": 3, ""1011"": 3, ""1111"": 1, ""1101"": 2, ""1010"": 3, ""0101"": 2, ""1110"": 1, ""0000"": 2}",256
test_vqc,275,-1,vqc,285,"{""1100"": 88, ""0110"": 11, ""1001"": 75, ""0111"": 10, ""1011"": 8, ""0100"": 20, ""0011"": 13, ""0010"": 13, ""1101"": 4, ""0001"": 5, ""1010"": 5, ""1000"": 2, ""0101"": 1, ""1110"": 1}",256
test_vqc,276,-1,vqc,286,"{""0110"": 84, ""0011"": 39, ""1001"": 16, ""1100"": 44, ""1000"": 19, ""0100"": 11, ""0101"": 1, ""1101"": 12, ""1011"": 5, ""0111"": 1, ""1110"": 9, ""1111"": 2, ""0010"": 8, ""0000"": 2, ""1010"": 2, ""0001"": 1}",256
test_vqc,277,-1,vqc,287,"{""1100"": 102, ""0010"": 11, ""1001"": 69, ""0011"": 9, ""1000"": 6, ""0100"": 17, ""1110"": 3, ""0001"": 8, ""0101"": 3, ""0110"": 17, ""0111"": 8, ""1010"": 1, ""1101"": 2}",256
test_vqc,278,-1,vqc,288,"{""0100"": 10, ""0010"": 19, ""1001"": 80, ""0011"": 10, ""1100"": 81, ""0111"": 13, ""1011"": 1, ""0110"": 16, ""1000"": 6, ""1110"": 4, ""0001"": 10, ""0000"": 1, ""1111"": 1, ""1101"": 2, ""0101"": 1, ""1010"": 1}",256
test_vqc,279,-1,vqc,289,"{""1100"": 85, ""1001"": 69, ""1011"": 3, ""0111"": 10, ""1110"": 2, ""0011"": 9, ""0001"": 5, ""1111"": 4, ""0010"": 12, ""0110"": 20, ""0100"": 20, ""1000"": 6, ""1010"": 1, ""0000"": 3, ""0101"": 2, ""1101"": 5}",256
test_vqc,280,-1,vqc,290,"{""0010"": 16, ""1001"": 72, ""0100"": 10, ""0001"": 4, ""0111"": 16, ""1010"": 4, ""1100"": 78, ""0110"": 28, ""1110"": 3, ""1101"": 5, ""0011"": 7, ""1000"": 6, ""1011"": 1, ""0101"": 2, ""0000"": 3, ""1111"": 1}",256
test_vqc,281,-1,vqc,291,"{""1100"": 75, ""0110"": 22, ""0011"": 12, ""1001"": 83, ""1111"": 1, ""0001"": 7, ""0111"": 11, ""0100"": 17, ""1010"": 2, ""1000"": 7, ""0010"": 12, ""1101"": 1, ""1011"": 2, ""0101"": 2, ""1110"": 2}",256
test_vqc,282,-1,vqc,292,"{""1001"": 79, ""1100"": 77, ""0010"": 17, ""1000"": 13, ""0100"": 18, ""1101"": 3, ""0111"": 11, ""1010"": 4, ""0011"": 11, ""0110"": 13, ""0001"": 6, ""0000"": 2, ""1011"": 1, ""0101"": 1}",256
test_vqc,283,-1,vqc,293,"{""0011"": 4, ""0111"": 10, ""1001"": 73, ""0100"": 20, ""1100"": 97, ""1011"": 2, ""0010"": 16, ""0001"": 7, ""1101"": 2, ""1110"": 5, ""0110"": 12, ""1111"": 3, ""1000"": 5}",256
test_vqc,284,-1,vqc,294,"{""1100"": 91, ""1001"": 73, ""0001"": 8, ""1101"": 5, ""0111"": 8, ""0110"": 15, ""0011"": 10, ""1000"": 8, ""0100"": 14, ""0010"": 14, ""1110"": 2, ""0000"": 2, ""1011"": 1, ""0101"": 2, ""1010"": 2, ""1111"": 1}",256
test_vqc,285,-1,vqc,295,"{""0001"": 7, ""1000"": 11, ""0010"": 17, ""1100"": 89, ""0011"": 9, ""1001"": 71, ""0110"": 23, ""0111"": 9, ""1010"": 2, ""0100"": 7, ""0000"": 2, ""1101"": 3, ""0101"": 2, ""1110"": 2, ""1011"": 2}",256
test_vqc,286,-1,vqc,296,"{""0110"": 86, ""1100"": 40, ""1101"": 11, ""0011"": 40, ""0000"": 1, ""1000"": 19, ""1001"": 16, ""1011"": 14, ""0111"": 5, ""1110"": 8, ""0100"": 8, ""0101"": 1, ""0010"": 4, ""0001"": 2, ""1010"": 1}",256
test_vqc,287,-1,vqc,297,"{""1001"": 79, ""1100"": 87, ""0100"": 20, ""0010"": 14, ""0111"": 8, ""0011"": 13, ""1000"": 5, ""1011"": 6, ""0110"": 11, ""0001"": 6, ""1110"": 2, ""0101"": 1, ""1010"": 2, ""1101"": 1, ""0000"": 1}",256
test_vqc,288,-1,vqc,298,"{""0110"": 18, ""0010"": 21, ""1100"": 101, ""0000"": 3, ""0011"": 6, ""1001"": 71, ""0111"": 10, ""0101"": 1, ""1000"": 4, ""1101"": 2, ""0100"": 9, ""1010"": 1, ""0001"": 3, ""1011"": 3, ""1110"": 1, ""1111"": 2}",256
test_vqc,289,-1,vqc,299,"{""1100"": 81, ""0100"": 17, ""1001"": 82, ""0011"": 12, ""0111"": 13, ""0010"": 12, ""0110"": 16, ""1101"": 4, ""0001"": 9, ""1110"": 1, ""0101"": 3, ""1000"": 3, ""1011"": 2, ""1010"": 1}",256
test_vqc,290,-1,vqc,300,"{""1001"": 78, ""0100"": 12, ""1100"": 85, ""1010"": 6, ""0010"": 17, ""0011"": 8, ""0101"": 3, ""0001"": 7, ""0110"": 25, ""1000"": 6, ""0111"": 5, ""1011"": 1, ""1101"": 2, ""1110"": 1}",256
test_vqc,291,-1,vqc,301,"{""0010"": 9, ""0011"": 46, ""0100"": 9, ""1000"": 16, ""0110"": 99, ""1100"": 40, ""1011"": 11, ""1110"": 7, ""1001"": 11, ""0111"": 2, ""0000"": 3, ""1101"": 2, ""0001"": 1}",256
test_vqc,292,-1,vqc,302,"{""0100"": 6, ""0110"": 96, ""0011"": 39, ""1110"": 12, ""1100"": 41, ""1000"": 19, ""0001"": 4, ""1001"": 16, ""0010"": 6, ""0111"": 2, ""0101"": 2, ""1010"": 3, ""1101"": 4, ""1011"": 3, ""0000"": 3}",256
test_vqc,293,-1,vqc,303,"{""0100"": 11, ""1100"": 85, ""1001"": 72, ""0111"": 8, ""1000"": 6, ""0110"": 17, ""1010"": 7, ""1110"": 4, ""1101"": 2, ""0010"": 21, ""0011"": 9, ""1111"": 2, ""0000"": 2, ""0001"": 8, ""1011"": 2}",256
test_vqc,294,-1,vqc,304,"{""0010"": 13, ""1100"": 100, ""1001"": 76, ""0100"": 16, ""1011"": 2, ""0111"": 7, ""0101"": 1, ""0110"": 19, ""1000"": 4, ""0011"": 5, ""1010"": 4, ""0001"": 2, ""1110"": 4, ""0000"": 1, ""1111"": 1, ""1101"": 1}",256
test_vqc,295,-1,vqc,305,"{""0110"": 24, ""1001"": 61, ""1100"": 85, ""0100"": 17, ""0011"": 8, ""0010"": 21, ""1010"": 6, ""0111"": 10, ""1000"": 6, ""0001"": 7, ""1101"": 7, ""0101"": 1, ""1111"": 1, ""1110"": 1, ""1011"": 1}",256
test_vqc,296,-1,vqc,306,"{""0011"": 6, ""1100"": 93, ""0111"": 8, ""0010"": 19, ""1001"": 67, ""0001"": 9, ""0100"": 16, ""0110"": 16, ""1101"": 5, ""1010"": 4, ""1111"": 2, ""0101"": 2, ""1011"": 2, ""1000"": 7}",256
test_vqc,297,-1,vqc,307,"{""0110"": 89, ""1100"": 39, ""0011"": 51, ""1011"": 3, ""1001"": 8, ""0010"": 7, ""1000"": 23, ""0001"": 1, ""1110"": 12, ""1101"": 3, ""0111"": 6, ""1010"": 2, ""0100"": 9, ""0000"": 2, ""0101"": 1}",256
test_vqc,298,-1,vqc,308,"{""0111"": 12, ""1001"": 70, ""1100"": 88, ""0110"": 14, ""0011"": 6, ""1101"": 5, ""0100"": 20, ""0010"": 17, ""1000"": 8, ""1110"": 3, ""0001"": 6, ""1010"": 5, ""0101"": 1, ""0000"": 1}",256
test_vqc,299,-1,vqc,309,"{""1001"": 60, ""0111"": 16, ""1100"": 92, ""0100"": 22, ""0110"": 27, ""0001"": 7, ""0011"": 8, ""0010"": 11, ""0000"": 2, ""1110"": 3, ""1000"": 3, ""1111"": 1, ""1101"": 1, ""1011"": 1, ""1010"": 1, ""0101"": 1}",256
