purpose,i,j,model_requested,circuit_index,depth_transpiled,size_transpiled,ops_transpiled
valid_vqc,0,-1,vqc,0,28,63,"{'rz': 32, 'sx': 21, 'cz': 6, 'measure': 4, 'barrier': 1}"
valid_vqc,1,-1,vqc,1,28,63,"{'rz': 32, 'sx': 21, 'cz': 6, 'measure': 4, 'barrier': 1}"
valid_vqc,2,-1,vqc,2,28,63,"{'rz': 32, 'sx': 21, 'cz': 6, 'measure': 4, 'barrier': 1}"
valid_vqc,3,-1,vqc,3,28,63,"{'rz': 32, 'sx': 21, 'cz': 6, 'measure': 4, 'barrier': 1}"
valid_vqc,4,-1,vqc,4,28,63,"{'rz': 32, 'sx': 21, 'cz': 6, 'measure': 4, 'barrier': 1}"
valid_vqc,5,-1,vqc,5,28,63,"{'rz': 32, 'sx': 21, 'cz': 6, 'measure': 4, 'barrier': 1}"
valid_vqc,6,-1,vqc,6,28,63,"{'rz': 32, 'sx': 21, 'cz': 6, 'measure': 4, 'barrier': 1}"
valid_vqc,7,-1,vqc,7,28,63,"{'rz': 32, 'sx': 21, 'cz': 6, 'measure': 4, 'barrier': 1}"
valid_vqc,8,-1,vqc,8,28,63,"{'rz': 32, 'sx': 21, 'cz': 6, 'measure': 4, 'barrier': 1}"
valid_vqc,9,-1,vqc,9,28,63,"{'rz': 32, 'sx': 21, 'cz': 6, 'measure': 4, 'barrier': 1}"
test_vqc,0,-1,vqc,10,28,63,"{'rz': 32, 'sx': 21, 'cz': 6, 'measure': 4, 'barrier': 1}"
test_vqc,1,-1,vqc,11,28,63,"{'rz': 32, 'sx': 21, 'cz': 6, 'measure': 4, 'barrier': 1}"
test_vqc,2,-1,vqc,12,28,63,"{'rz': 32, 'sx': 21, 'cz': 6, 'measure': 4, 'barrier': 1}"
test_vqc,3,-1,vqc,13,28,63,"{'rz': 32, 'sx': 21, 'cz': 6, 'measure': 4, 'barrier': 1}"
test_vqc,4,-1,vqc,14,28,63,"{'rz': 32, 'sx': 21, 'cz': 6, 'measure': 4, 'barrier': 1}"
test_vqc,5,-1,vqc,15,28,63,"{'rz': 32, 'sx': 21, 'cz': 6, 'measure': 4, 'barrier': 1}"
test_vqc,6,-1,vqc,16,28,63,"{'rz': 32, 'sx': 21, 'cz': 6, 'measure': 4, 'barrier': 1}"
test_vqc,7,-1,vqc,17,28,63,"{'rz': 32, 'sx': 21, 'cz': 6, 'measure': 4, 'barrier': 1}"
test_vqc,8,-1,vqc,18,28,63,"{'rz': 32, 'sx': 21, 'cz': 6, 'measure': 4, 'barrier': 1}"
test_vqc,9,-1,vqc,19,28,63,"{'rz': 32, 'sx': 21, 'cz': 6, 'measure': 4, 'barrier': 1}"
test_vqc,10,-1,vqc,20,28,63,"{'rz': 32, 'sx': 21, 'cz': 6, 'measure': 4, 'barrier': 1}"
test_vqc,11,-1,vqc,21,28,63,"{'rz': 32, 'sx': 21, 'cz': 6, 'measure': 4, 'barrier': 1}"
test_vqc,12,-1,vqc,22,28,63,"{'rz': 32, 'sx': 21, 'cz': 6, 'measure': 4, 'barrier': 1}"
test_vqc,13,-1,vqc,23,28,63,"{'rz': 32, 'sx': 21, 'cz': 6, 'measure': 4, 'barrier': 1}"
test_vqc,14,-1,vqc,24,28,63,"{'rz': 32, 'sx': 21, 'cz': 6, 'measure': 4, 'barrier': 1}"
test_vqc,15,-1,vqc,25,28,63,"{'rz': 32, 'sx': 21, 'cz': 6, 'measure': 4, 'barrier': 1}"
test_vqc,16,-1,vqc,26,28,63,"{'rz': 32, 'sx': 21, 'cz': 6, 'measure': 4, 'barrier': 1}"
test_vqc,17,-1,vqc,27,28,63,"{'rz': 32, 'sx': 21, 'cz': 6, 'measure': 4, 'barrier': 1}"
test_vqc,18,-1,vqc,28,28,63,"{'rz': 32, 'sx': 21, 'cz': 6, 'measure': 4, 'barrier': 1}"
test_vqc,19,-1,vqc,29,28,63,"{'rz': 32, 'sx': 21, 'cz': 6, 'measure': 4, 'barrier': 1}"
test_vqc,20,-1,vqc,30,28,63,"{'rz': 32, 'sx': 21, 'cz': 6, 'measure': 4, 'barrier': 1}"
test_vqc,21,-1,vqc,31,28,63,"{'rz': 32, 'sx': 21, 'cz': 6, 'measure': 4, 'barrier': 1}"
test_vqc,22,-1,vqc,32,28,63,"{'rz': 32, 'sx': 21, 'cz': 6, 'measure': 4, 'barrier': 1}"
test_vqc,23,-1,vqc,33,28,63,"{'rz': 32, 'sx': 21, 'cz': 6, 'measure': 4, 'barrier': 1}"
test_vqc,24,-1,vqc,34,28,63,"{'rz': 32, 'sx': 21, 'cz': 6, 'measure': 4, 'barrier': 1}"
test_vqc,25,-1,vqc,35,28,63,"{'rz': 32, 'sx': 21, 'cz': 6, 'measure': 4, 'barrier': 1}"
test_vqc,26,-1,vqc,36,28,63,"{'rz': 32, 'sx': 21, 'cz': 6, 'measure': 4, 'barrier': 1}"
test_vqc,27,-1,vqc,37,28,63,"{'rz': 32, 'sx': 21, 'cz': 6, 'measure': 4, 'barrier': 1}"
test_vqc,28,-1,vqc,38,28,63,"{'rz': 32, 'sx': 21, 'cz': 6, 'measure': 4, 'barrier': 1}"
test_vqc,29,-1,vqc,39,28,63,"{'rz': 32, 'sx': 21, 'cz': 6, 'measure': 4, 'barrier': 1}"
test_vqc,30,-1,vqc,40,28,63,"{'rz': 32, 'sx': 21, 'cz': 6, 'measure': 4, 'barrier': 1}"
test_vqc,31,-1,vqc,41,28,63,"{'rz': 32, 'sx': 21, 'cz': 6, 'measure': 4, 'barrier': 1}"
test_vqc,32,-1,vqc,42,28,63,"{'rz': 32, 'sx': 21, 'cz': 6, 'measure': 4, 'barrier': 1}"
test_vqc,33,-1,vqc,43,28,63,"{'rz': 32, 'sx': 21, 'cz': 6, 'measure': 4, 'barrier': 1}"
test_vqc,34,-1,vqc,44,28,63,"{'rz': 32, 'sx': 21, 'cz': 6, 'measure': 4, 'barrier': 1}"
test_vqc,35,-1,vqc,45,28,63,"{'rz': 32, 'sx': 21, 'cz': 6, 'measure': 4, 'barrier': 1}"
test_vqc,36,-1,vqc,46,28,63,"{'rz': 32, 'sx': 21, 'cz': 6, 'measure': 4, 'barrier': 1}"
test_vqc,37,-1,vqc,47,28,63,"{'rz': 32, 'sx': 21, 'cz': 6, 'measure': 4, 'barrier': 1}"
test_vqc,38,-1,vqc,48,28,63,"{'rz': 32, 'sx': 21, 'cz': 6, 'measure': 4, 'barrier': 1}"
test_vqc,39,-1,vqc,49,28,63,"{'rz': 32, 'sx': 21, 'cz': 6, 'measure': 4, 'barrier': 1}"
test_vqc,40,-1,vqc,50,28,63,"{'rz': 32, 'sx': 21, 'cz': 6, 'measure': 4, 'barrier': 1}"
test_vqc,41,-1,vqc,51,28,63,"{'rz': 32, 'sx': 21, 'cz': 6, 'measure': 4, 'barrier': 1}"
test_vqc,42,-1,vqc,52,28,63,"{'rz': 32, 'sx': 21, 'cz': 6, 'measure': 4, 'barrier': 1}"
test_vqc,43,-1,vqc,53,28,63,"{'rz': 32, 'sx': 21, 'cz': 6, 'measure': 4, 'barrier': 1}"
test_vqc,44,-1,vqc,54,28,63,"{'rz': 32, 'sx': 21, 'cz': 6, 'measure': 4, 'barrier': 1}"
test_vqc,45,-1,vqc,55,28,63,"{'rz': 32, 'sx': 21, 'cz': 6, 'measure': 4, 'barrier': 1}"
test_vqc,46,-1,vqc,56,28,63,"{'rz': 32, 'sx': 21, 'cz': 6, 'measure': 4, 'barrier': 1}"
test_vqc,47,-1,vqc,57,28,63,"{'rz': 32, 'sx': 21, 'cz': 6, 'measure': 4, 'barrier': 1}"
test_vqc,48,-1,vqc,58,28,63,"{'rz': 32, 'sx': 21, 'cz': 6, 'measure': 4, 'barrier': 1}"
test_vqc,49,-1,vqc,59,28,63,"{'rz': 32, 'sx': 21, 'cz': 6, 'measure': 4, 'barrier': 1}"
test_vqc,50,-1,vqc,60,28,63,"{'rz': 32, 'sx': 21, 'cz': 6, 'measure': 4, 'barrier': 1}"
test_vqc,51,-1,vqc,61,28,63,"{'rz': 32, 'sx': 21, 'cz': 6, 'measure': 4, 'barrier': 1}"
test_vqc,52,-1,vqc,62,28,63,"{'rz': 32, 'sx': 21, 'cz': 6, 'measure': 4, 'barrier': 1}"
test_vqc,53,-1,vqc,63,28,63,"{'rz': 32, 'sx': 21, 'cz': 6, 'measure': 4, 'barrier': 1}"
test_vqc,54,-1,vqc,64,28,63,"{'rz': 32, 'sx': 21, 'cz': 6, 'measure': 4, 'barrier': 1}"
test_vqc,55,-1,vqc,65,28,63,"{'rz': 32, 'sx': 21, 'cz': 6, 'measure': 4, 'barrier': 1}"
test_vqc,56,-1,vqc,66,28,63,"{'rz': 32, 'sx': 21, 'cz': 6, 'measure': 4, 'barrier': 1}"
test_vqc,57,-1,vqc,67,28,63,"{'rz': 32, 'sx': 21, 'cz': 6, 'measure': 4, 'barrier': 1}"
test_vqc,58,-1,vqc,68,28,63,"{'rz': 32, 'sx': 21, 'cz': 6, 'measure': 4, 'barrier': 1}"
test_vqc,59,-1,vqc,69,28,63,"{'rz': 32, 'sx': 21, 'cz': 6, 'measure': 4, 'barrier': 1}"
test_vqc,60,-1,vqc,70,28,63,"{'rz': 32, 'sx': 21, 'cz': 6, 'measure': 4, 'barrier': 1}"
test_vqc,61,-1,vqc,71,28,63,"{'rz': 32, 'sx': 21, 'cz': 6, 'measure': 4, 'barrier': 1}"
test_vqc,62,-1,vqc,72,28,63,"{'rz': 32, 'sx': 21, 'cz': 6, 'measure': 4, 'barrier': 1}"
test_vqc,63,-1,vqc,73,28,63,"{'rz': 32, 'sx': 21, 'cz': 6, 'measure': 4, 'barrier': 1}"
test_vqc,64,-1,vqc,74,28,63,"{'rz': 32, 'sx': 21, 'cz': 6, 'measure': 4, 'barrier': 1}"
test_vqc,65,-1,vqc,75,28,63,"{'rz': 32, 'sx': 21, 'cz': 6, 'measure': 4, 'barrier': 1}"
test_vqc,66,-1,vqc,76,28,63,"{'rz': 32, 'sx': 21, 'cz': 6, 'measure': 4, 'barrier': 1}"
test_vqc,67,-1,vqc,77,28,63,"{'rz': 32, 'sx': 21, 'cz': 6, 'measure': 4, 'barrier': 1}"
test_vqc,68,-1,vqc,78,28,63,"{'rz': 32, 'sx': 21, 'cz': 6, 'measure': 4, 'barrier': 1}"
test_vqc,69,-1,vqc,79,28,63,"{'rz': 32, 'sx': 21, 'cz': 6, 'measure': 4, 'barrier': 1}"
test_vqc,70,-1,vqc,80,28,63,"{'rz': 32, 'sx': 21, 'cz': 6, 'measure': 4, 'barrier': 1}"
test_vqc,71,-1,vqc,81,28,63,"{'rz': 32, 'sx': 21, 'cz': 6, 'measure': 4, 'barrier': 1}"
test_vqc,72,-1,vqc,82,28,63,"{'rz': 32, 'sx': 21, 'cz': 6, 'measure': 4, 'barrier': 1}"
test_vqc,73,-1,vqc,83,28,63,"{'rz': 32, 'sx': 21, 'cz': 6, 'measure': 4, 'barrier': 1}"
test_vqc,74,-1,vqc,84,28,63,"{'rz': 32, 'sx': 21, 'cz': 6, 'measure': 4, 'barrier': 1}"
test_vqc,75,-1,vqc,85,28,63,"{'rz': 32, 'sx': 21, 'cz': 6, 'measure': 4, 'barrier': 1}"
test_vqc,76,-1,vqc,86,28,63,"{'rz': 32, 'sx': 21, 'cz': 6, 'measure': 4, 'barrier': 1}"
test_vqc,77,-1,vqc,87,28,63,"{'rz': 32, 'sx': 21, 'cz': 6, 'measure': 4, 'barrier': 1}"
test_vqc,78,-1,vqc,88,28,63,"{'rz': 32, 'sx': 21, 'cz': 6, 'measure': 4, 'barrier': 1}"
test_vqc,79,-1,vqc,89,28,63,"{'rz': 32, 'sx': 21, 'cz': 6, 'measure': 4, 'barrier': 1}"
test_vqc,80,-1,vqc,90,28,63,"{'rz': 32, 'sx': 21, 'cz': 6, 'measure': 4, 'barrier': 1}"
test_vqc,81,-1,vqc,91,28,63,"{'rz': 32, 'sx': 21, 'cz': 6, 'measure': 4, 'barrier': 1}"
test_vqc,82,-1,vqc,92,28,63,"{'rz': 32, 'sx': 21, 'cz': 6, 'measure': 4, 'barrier': 1}"
test_vqc,83,-1,vqc,93,28,63,"{'rz': 32, 'sx': 21, 'cz': 6, 'measure': 4, 'barrier': 1}"
test_vqc,84,-1,vqc,94,28,63,"{'rz': 32, 'sx': 21, 'cz': 6, 'measure': 4, 'barrier': 1}"
test_vqc,85,-1,vqc,95,28,63,"{'rz': 32, 'sx': 21, 'cz': 6, 'measure': 4, 'barrier': 1}"
test_vqc,86,-1,vqc,96,28,63,"{'rz': 32, 'sx': 21, 'cz': 6, 'measure': 4, 'barrier': 1}"
test_vqc,87,-1,vqc,97,28,63,"{'rz': 32, 'sx': 21, 'cz': 6, 'measure': 4, 'barrier': 1}"
test_vqc,88,-1,vqc,98,28,63,"{'rz': 32, 'sx': 21, 'cz': 6, 'measure': 4, 'barrier': 1}"
test_vqc,89,-1,vqc,99,28,63,"{'rz': 32, 'sx': 21, 'cz': 6, 'measure': 4, 'barrier': 1}"
test_vqc,90,-1,vqc,100,28,63,"{'rz': 32, 'sx': 21, 'cz': 6, 'measure': 4, 'barrier': 1}"
test_vqc,91,-1,vqc,101,28,63,"{'rz': 32, 'sx': 21, 'cz': 6, 'measure': 4, 'barrier': 1}"
test_vqc,92,-1,vqc,102,28,63,"{'rz': 32, 'sx': 21, 'cz': 6, 'measure': 4, 'barrier': 1}"
test_vqc,93,-1,vqc,103,28,63,"{'rz': 32, 'sx': 21, 'cz': 6, 'measure': 4, 'barrier': 1}"
test_vqc,94,-1,vqc,104,28,63,"{'rz': 32, 'sx': 21, 'cz': 6, 'measure': 4, 'barrier': 1}"
test_vqc,95,-1,vqc,105,28,63,"{'rz': 32, 'sx': 21, 'cz': 6, 'measure': 4, 'barrier': 1}"
test_vqc,96,-1,vqc,106,28,63,"{'rz': 32, 'sx': 21, 'cz': 6, 'measure': 4, 'barrier': 1}"
test_vqc,97,-1,vqc,107,28,63,"{'rz': 32, 'sx': 21, 'cz': 6, 'measure': 4, 'barrier': 1}"
test_vqc,98,-1,vqc,108,28,63,"{'rz': 32, 'sx': 21, 'cz': 6, 'measure': 4, 'barrier': 1}"
test_vqc,99,-1,vqc,109,28,63,"{'rz': 32, 'sx': 21, 'cz': 6, 'measure': 4, 'barrier': 1}"
test_vqc,100,-1,vqc,110,28,63,"{'rz': 32, 'sx': 21, 'cz': 6, 'measure': 4, 'barrier': 1}"
test_vqc,101,-1,vqc,111,28,63,"{'rz': 32, 'sx': 21, 'cz': 6, 'measure': 4, 'barrier': 1}"
test_vqc,102,-1,vqc,112,28,63,"{'rz': 32, 'sx': 21, 'cz': 6, 'measure': 4, 'barrier': 1}"
test_vqc,103,-1,vqc,113,28,63,"{'rz': 32, 'sx': 21, 'cz': 6, 'measure': 4, 'barrier': 1}"
test_vqc,104,-1,vqc,114,28,63,"{'rz': 32, 'sx': 21, 'cz': 6, 'measure': 4, 'barrier': 1}"
test_vqc,105,-1,vqc,115,28,63,"{'rz': 32, 'sx': 21, 'cz': 6, 'measure': 4, 'barrier': 1}"
test_vqc,106,-1,vqc,116,28,63,"{'rz': 32, 'sx': 21, 'cz': 6, 'measure': 4, 'barrier': 1}"
test_vqc,107,-1,vqc,117,28,63,"{'rz': 32, 'sx': 21, 'cz': 6, 'measure': 4, 'barrier': 1}"
test_vqc,108,-1,vqc,118,28,63,"{'rz': 32, 'sx': 21, 'cz': 6, 'measure': 4, 'barrier': 1}"
test_vqc,109,-1,vqc,119,28,63,"{'rz': 32, 'sx': 21, 'cz': 6, 'measure': 4, 'barrier': 1}"
test_vqc,110,-1,vqc,120,28,63,"{'rz': 32, 'sx': 21, 'cz': 6, 'measure': 4, 'barrier': 1}"
test_vqc,111,-1,vqc,121,28,63,"{'rz': 32, 'sx': 21, 'cz': 6, 'measure': 4, 'barrier': 1}"
test_vqc,112,-1,vqc,122,28,63,"{'rz': 32, 'sx': 21, 'cz': 6, 'measure': 4, 'barrier': 1}"
test_vqc,113,-1,vqc,123,28,63,"{'rz': 32, 'sx': 21, 'cz': 6, 'measure': 4, 'barrier': 1}"
test_vqc,114,-1,vqc,124,28,63,"{'rz': 32, 'sx': 21, 'cz': 6, 'measure': 4, 'barrier': 1}"
test_vqc,115,-1,vqc,125,28,63,"{'rz': 32, 'sx': 21, 'cz': 6, 'measure': 4, 'barrier': 1}"
test_vqc,116,-1,vqc,126,28,63,"{'rz': 32, 'sx': 21, 'cz': 6, 'measure': 4, 'barrier': 1}"
test_vqc,117,-1,vqc,127,28,63,"{'rz': 32, 'sx': 21, 'cz': 6, 'measure': 4, 'barrier': 1}"
test_vqc,118,-1,vqc,128,28,63,"{'rz': 32, 'sx': 21, 'cz': 6, 'measure': 4, 'barrier': 1}"
test_vqc,119,-1,vqc,129,28,63,"{'rz': 32, 'sx': 21, 'cz': 6, 'measure': 4, 'barrier': 1}"
test_vqc,120,-1,vqc,130,28,63,"{'rz': 32, 'sx': 21, 'cz': 6, 'measure': 4, 'barrier': 1}"
test_vqc,121,-1,vqc,131,28,63,"{'rz': 32, 'sx': 21, 'cz': 6, 'measure': 4, 'barrier': 1}"
test_vqc,122,-1,vqc,132,28,63,"{'rz': 32, 'sx': 21, 'cz': 6, 'measure': 4, 'barrier': 1}"
test_vqc,123,-1,vqc,133,28,63,"{'rz': 32, 'sx': 21, 'cz': 6, 'measure': 4, 'barrier': 1}"
test_vqc,124,-1,vqc,134,28,63,"{'rz': 32, 'sx': 21, 'cz': 6, 'measure': 4, 'barrier': 1}"
test_vqc,125,-1,vqc,135,28,63,"{'rz': 32, 'sx': 21, 'cz': 6, 'measure': 4, 'barrier': 1}"
test_vqc,126,-1,vqc,136,28,63,"{'rz': 32, 'sx': 21, 'cz': 6, 'measure': 4, 'barrier': 1}"
test_vqc,127,-1,vqc,137,28,63,"{'rz': 32, 'sx': 21, 'cz': 6, 'measure': 4, 'barrier': 1}"
test_vqc,128,-1,vqc,138,28,63,"{'rz': 32, 'sx': 21, 'cz': 6, 'measure': 4, 'barrier': 1}"
test_vqc,129,-1,vqc,139,28,63,"{'rz': 32, 'sx': 21, 'cz': 6, 'measure': 4, 'barrier': 1}"
test_vqc,130,-1,vqc,140,28,63,"{'rz': 32, 'sx': 21, 'cz': 6, 'measure': 4, 'barrier': 1}"
test_vqc,131,-1,vqc,141,28,63,"{'rz': 32, 'sx': 21, 'cz': 6, 'measure': 4, 'barrier': 1}"
test_vqc,132,-1,vqc,142,28,63,"{'rz': 32, 'sx': 21, 'cz': 6, 'measure': 4, 'barrier': 1}"
test_vqc,133,-1,vqc,143,28,63,"{'rz': 32, 'sx': 21, 'cz': 6, 'measure': 4, 'barrier': 1}"
test_vqc,134,-1,vqc,144,28,63,"{'rz': 32, 'sx': 21, 'cz': 6, 'measure': 4, 'barrier': 1}"
test_vqc,135,-1,vqc,145,28,63,"{'rz': 32, 'sx': 21, 'cz': 6, 'measure': 4, 'barrier': 1}"
test_vqc,136,-1,vqc,146,28,63,"{'rz': 32, 'sx': 21, 'cz': 6, 'measure': 4, 'barrier': 1}"
test_vqc,137,-1,vqc,147,28,63,"{'rz': 32, 'sx': 21, 'cz': 6, 'measure': 4, 'barrier': 1}"
test_vqc,138,-1,vqc,148,28,63,"{'rz': 32, 'sx': 21, 'cz': 6, 'measure': 4, 'barrier': 1}"
test_vqc,139,-1,vqc,149,28,63,"{'rz': 32, 'sx': 21, 'cz': 6, 'measure': 4, 'barrier': 1}"
test_vqc,140,-1,vqc,150,28,63,"{'rz': 32, 'sx': 21, 'cz': 6, 'measure': 4, 'barrier': 1}"
test_vqc,141,-1,vqc,151,28,63,"{'rz': 32, 'sx': 21, 'cz': 6, 'measure': 4, 'barrier': 1}"
test_vqc,142,-1,vqc,152,28,63,"{'rz': 32, 'sx': 21, 'cz': 6, 'measure': 4, 'barrier': 1}"
test_vqc,143,-1,vqc,153,28,63,"{'rz': 32, 'sx': 21, 'cz': 6, 'measure': 4, 'barrier': 1}"
test_vqc,144,-1,vqc,154,28,63,"{'rz': 32, 'sx': 21, 'cz': 6, 'measure': 4, 'barrier': 1}"
test_vqc,145,-1,vqc,155,28,63,"{'rz': 32, 'sx': 21, 'cz': 6, 'measure': 4, 'barrier': 1}"
test_vqc,146,-1,vqc,156,28,63,"{'rz': 32, 'sx': 21, 'cz': 6, 'measure': 4, 'barrier': 1}"
test_vqc,147,-1,vqc,157,28,63,"{'rz': 32, 'sx': 21, 'cz': 6, 'measure': 4, 'barrier': 1}"
test_vqc,148,-1,vqc,158,28,63,"{'rz': 32, 'sx': 21, 'cz': 6, 'measure': 4, 'barrier': 1}"
test_vqc,149,-1,vqc,159,28,63,"{'rz': 32, 'sx': 21, 'cz': 6, 'measure': 4, 'barrier': 1}"
test_vqc,150,-1,vqc,160,28,63,"{'rz': 32, 'sx': 21, 'cz': 6, 'measure': 4, 'barrier': 1}"
test_vqc,151,-1,vqc,161,28,63,"{'rz': 32, 'sx': 21, 'cz': 6, 'measure': 4, 'barrier': 1}"
test_vqc,152,-1,vqc,162,28,63,"{'rz': 32, 'sx': 21, 'cz': 6, 'measure': 4, 'barrier': 1}"
test_vqc,153,-1,vqc,163,28,63,"{'rz': 32, 'sx': 21, 'cz': 6, 'measure': 4, 'barrier': 1}"
test_vqc,154,-1,vqc,164,28,63,"{'rz': 32, 'sx': 21, 'cz': 6, 'measure': 4, 'barrier': 1}"
test_vqc,155,-1,vqc,165,28,63,"{'rz': 32, 'sx': 21, 'cz': 6, 'measure': 4, 'barrier': 1}"
test_vqc,156,-1,vqc,166,28,63,"{'rz': 32, 'sx': 21, 'cz': 6, 'measure': 4, 'barrier': 1}"
test_vqc,157,-1,vqc,167,28,63,"{'rz': 32, 'sx': 21, 'cz': 6, 'measure': 4, 'barrier': 1}"
test_vqc,158,-1,vqc,168,28,63,"{'rz': 32, 'sx': 21, 'cz': 6, 'measure': 4, 'barrier': 1}"
test_vqc,159,-1,vqc,169,28,63,"{'rz': 32, 'sx': 21, 'cz': 6, 'measure': 4, 'barrier': 1}"
test_vqc,160,-1,vqc,170,28,63,"{'rz': 32, 'sx': 21, 'cz': 6, 'measure': 4, 'barrier': 1}"
test_vqc,161,-1,vqc,171,28,63,"{'rz': 32, 'sx': 21, 'cz': 6, 'measure': 4, 'barrier': 1}"
test_vqc,162,-1,vqc,172,28,63,"{'rz': 32, 'sx': 21, 'cz': 6, 'measure': 4, 'barrier': 1}"
test_vqc,163,-1,vqc,173,28,63,"{'rz': 32, 'sx': 21, 'cz': 6, 'measure': 4, 'barrier': 1}"
test_vqc,164,-1,vqc,174,28,63,"{'rz': 32, 'sx': 21, 'cz': 6, 'measure': 4, 'barrier': 1}"
test_vqc,165,-1,vqc,175,28,63,"{'rz': 32, 'sx': 21, 'cz': 6, 'measure': 4, 'barrier': 1}"
test_vqc,166,-1,vqc,176,28,63,"{'rz': 32, 'sx': 21, 'cz': 6, 'measure': 4, 'barrier': 1}"
test_vqc,167,-1,vqc,177,28,63,"{'rz': 32, 'sx': 21, 'cz': 6, 'measure': 4, 'barrier': 1}"
test_vqc,168,-1,vqc,178,28,63,"{'rz': 32, 'sx': 21, 'cz': 6, 'measure': 4, 'barrier': 1}"
test_vqc,169,-1,vqc,179,28,63,"{'rz': 32, 'sx': 21, 'cz': 6, 'measure': 4, 'barrier': 1}"
test_vqc,170,-1,vqc,180,28,63,"{'rz': 32, 'sx': 21, 'cz': 6, 'measure': 4, 'barrier': 1}"
test_vqc,171,-1,vqc,181,28,63,"{'rz': 32, 'sx': 21, 'cz': 6, 'measure': 4, 'barrier': 1}"
test_vqc,172,-1,vqc,182,28,63,"{'rz': 32, 'sx': 21, 'cz': 6, 'measure': 4, 'barrier': 1}"
test_vqc,173,-1,vqc,183,28,63,"{'rz': 32, 'sx': 21, 'cz': 6, 'measure': 4, 'barrier': 1}"
test_vqc,174,-1,vqc,184,28,63,"{'rz': 32, 'sx': 21, 'cz': 6, 'measure': 4, 'barrier': 1}"
test_vqc,175,-1,vqc,185,28,63,"{'rz': 32, 'sx': 21, 'cz': 6, 'measure': 4, 'barrier': 1}"
test_vqc,176,-1,vqc,186,28,63,"{'rz': 32, 'sx': 21, 'cz': 6, 'measure': 4, 'barrier': 1}"
test_vqc,177,-1,vqc,187,28,63,"{'rz': 32, 'sx': 21, 'cz': 6, 'measure': 4, 'barrier': 1}"
test_vqc,178,-1,vqc,188,28,63,"{'rz': 32, 'sx': 21, 'cz': 6, 'measure': 4, 'barrier': 1}"
test_vqc,179,-1,vqc,189,28,63,"{'rz': 32, 'sx': 21, 'cz': 6, 'measure': 4, 'barrier': 1}"
test_vqc,180,-1,vqc,190,28,63,"{'rz': 32, 'sx': 21, 'cz': 6, 'measure': 4, 'barrier': 1}"
test_vqc,181,-1,vqc,191,28,63,"{'rz': 32, 'sx': 21, 'cz': 6, 'measure': 4, 'barrier': 1}"
test_vqc,182,-1,vqc,192,28,63,"{'rz': 32, 'sx': 21, 'cz': 6, 'measure': 4, 'barrier': 1}"
test_vqc,183,-1,vqc,193,28,63,"{'rz': 32, 'sx': 21, 'cz': 6, 'measure': 4, 'barrier': 1}"
test_vqc,184,-1,vqc,194,28,63,"{'rz': 32, 'sx': 21, 'cz': 6, 'measure': 4, 'barrier': 1}"
test_vqc,185,-1,vqc,195,28,63,"{'rz': 32, 'sx': 21, 'cz': 6, 'measure': 4, 'barrier': 1}"
test_vqc,186,-1,vqc,196,28,63,"{'rz': 32, 'sx': 21, 'cz': 6, 'measure': 4, 'barrier': 1}"
test_vqc,187,-1,vqc,197,28,63,"{'rz': 32, 'sx': 21, 'cz': 6, 'measure': 4, 'barrier': 1}"
test_vqc,188,-1,vqc,198,28,63,"{'rz': 32, 'sx': 21, 'cz': 6, 'measure': 4, 'barrier': 1}"
test_vqc,189,-1,vqc,199,28,63,"{'rz': 32, 'sx': 21, 'cz': 6, 'measure': 4, 'barrier': 1}"
test_vqc,190,-1,vqc,200,28,63,"{'rz': 32, 'sx': 21, 'cz': 6, 'measure': 4, 'barrier': 1}"
test_vqc,191,-1,vqc,201,28,63,"{'rz': 32, 'sx': 21, 'cz': 6, 'measure': 4, 'barrier': 1}"
test_vqc,192,-1,vqc,202,28,63,"{'rz': 32, 'sx': 21, 'cz': 6, 'measure': 4, 'barrier': 1}"
test_vqc,193,-1,vqc,203,28,63,"{'rz': 32, 'sx': 21, 'cz': 6, 'measure': 4, 'barrier': 1}"
test_vqc,194,-1,vqc,204,28,63,"{'rz': 32, 'sx': 21, 'cz': 6, 'measure': 4, 'barrier': 1}"
test_vqc,195,-1,vqc,205,28,63,"{'rz': 32, 'sx': 21, 'cz': 6, 'measure': 4, 'barrier': 1}"
test_vqc,196,-1,vqc,206,28,63,"{'rz': 32, 'sx': 21, 'cz': 6, 'measure': 4, 'barrier': 1}"
test_vqc,197,-1,vqc,207,28,63,"{'rz': 32, 'sx': 21, 'cz': 6, 'measure': 4, 'barrier': 1}"
test_vqc,198,-1,vqc,208,28,63,"{'rz': 32, 'sx': 21, 'cz': 6, 'measure': 4, 'barrier': 1}"
test_vqc,199,-1,vqc,209,28,63,"{'rz': 32, 'sx': 21, 'cz': 6, 'measure': 4, 'barrier': 1}"
test_vqc,200,-1,vqc,210,28,63,"{'rz': 32, 'sx': 21, 'cz': 6, 'measure': 4, 'barrier': 1}"
test_vqc,201,-1,vqc,211,28,63,"{'rz': 32, 'sx': 21, 'cz': 6, 'measure': 4, 'barrier': 1}"
test_vqc,202,-1,vqc,212,28,63,"{'rz': 32, 'sx': 21, 'cz': 6, 'measure': 4, 'barrier': 1}"
test_vqc,203,-1,vqc,213,28,63,"{'rz': 32, 'sx': 21, 'cz': 6, 'measure': 4, 'barrier': 1}"
test_vqc,204,-1,vqc,214,28,63,"{'rz': 32, 'sx': 21, 'cz': 6, 'measure': 4, 'barrier': 1}"
test_vqc,205,-1,vqc,215,28,63,"{'rz': 32, 'sx': 21, 'cz': 6, 'measure': 4, 'barrier': 1}"
test_vqc,206,-1,vqc,216,28,63,"{'rz': 32, 'sx': 21, 'cz': 6, 'measure': 4, 'barrier': 1}"
test_vqc,207,-1,vqc,217,28,63,"{'rz': 32, 'sx': 21, 'cz': 6, 'measure': 4, 'barrier': 1}"
test_vqc,208,-1,vqc,218,28,63,"{'rz': 32, 'sx': 21, 'cz': 6, 'measure': 4, 'barrier': 1}"
test_vqc,209,-1,vqc,219,28,63,"{'rz': 32, 'sx': 21, 'cz': 6, 'measure': 4, 'barrier': 1}"
test_vqc,210,-1,vqc,220,28,63,"{'rz': 32, 'sx': 21, 'cz': 6, 'measure': 4, 'barrier': 1}"
test_vqc,211,-1,vqc,221,28,63,"{'rz': 32, 'sx': 21, 'cz': 6, 'measure': 4, 'barrier': 1}"
test_vqc,212,-1,vqc,222,28,63,"{'rz': 32, 'sx': 21, 'cz': 6, 'measure': 4, 'barrier': 1}"
test_vqc,213,-1,vqc,223,28,63,"{'rz': 32, 'sx': 21, 'cz': 6, 'measure': 4, 'barrier': 1}"
test_vqc,214,-1,vqc,224,28,63,"{'rz': 32, 'sx': 21, 'cz': 6, 'measure': 4, 'barrier': 1}"
test_vqc,215,-1,vqc,225,28,63,"{'rz': 32, 'sx': 21, 'cz': 6, 'measure': 4, 'barrier': 1}"
test_vqc,216,-1,vqc,226,28,63,"{'rz': 32, 'sx': 21, 'cz': 6, 'measure': 4, 'barrier': 1}"
test_vqc,217,-1,vqc,227,28,63,"{'rz': 32, 'sx': 21, 'cz': 6, 'measure': 4, 'barrier': 1}"
test_vqc,218,-1,vqc,228,28,63,"{'rz': 32, 'sx': 21, 'cz': 6, 'measure': 4, 'barrier': 1}"
test_vqc,219,-1,vqc,229,28,63,"{'rz': 32, 'sx': 21, 'cz': 6, 'measure': 4, 'barrier': 1}"
test_vqc,220,-1,vqc,230,28,63,"{'rz': 32, 'sx': 21, 'cz': 6, 'measure': 4, 'barrier': 1}"
test_vqc,221,-1,vqc,231,28,63,"{'rz': 32, 'sx': 21, 'cz': 6, 'measure': 4, 'barrier': 1}"
test_vqc,222,-1,vqc,232,28,63,"{'rz': 32, 'sx': 21, 'cz': 6, 'measure': 4, 'barrier': 1}"
test_vqc,223,-1,vqc,233,28,63,"{'rz': 32, 'sx': 21, 'cz': 6, 'measure': 4, 'barrier': 1}"
test_vqc,224,-1,vqc,234,28,63,"{'rz': 32, 'sx': 21, 'cz': 6, 'measure': 4, 'barrier': 1}"
test_vqc,225,-1,vqc,235,28,63,"{'rz': 32, 'sx': 21, 'cz': 6, 'measure': 4, 'barrier': 1}"
test_vqc,226,-1,vqc,236,28,63,"{'rz': 32, 'sx': 21, 'cz': 6, 'measure': 4, 'barrier': 1}"
test_vqc,227,-1,vqc,237,28,63,"{'rz': 32, 'sx': 21, 'cz': 6, 'measure': 4, 'barrier': 1}"
test_vqc,228,-1,vqc,238,28,63,"{'rz': 32, 'sx': 21, 'cz': 6, 'measure': 4, 'barrier': 1}"
test_vqc,229,-1,vqc,239,28,63,"{'rz': 32, 'sx': 21, 'cz': 6, 'measure': 4, 'barrier': 1}"
test_vqc,230,-1,vqc,240,28,63,"{'rz': 32, 'sx': 21, 'cz': 6, 'measure': 4, 'barrier': 1}"
test_vqc,231,-1,vqc,241,28,63,"{'rz': 32, 'sx': 21, 'cz': 6, 'measure': 4, 'barrier': 1}"
test_vqc,232,-1,vqc,242,28,63,"{'rz': 32, 'sx': 21, 'cz': 6, 'measure': 4, 'barrier': 1}"
test_vqc,233,-1,vqc,243,28,63,"{'rz': 32, 'sx': 21, 'cz': 6, 'measure': 4, 'barrier': 1}"
test_vqc,234,-1,vqc,244,28,63,"{'rz': 32, 'sx': 21, 'cz': 6, 'measure': 4, 'barrier': 1}"
test_vqc,235,-1,vqc,245,28,63,"{'rz': 32, 'sx': 21, 'cz': 6, 'measure': 4, 'barrier': 1}"
test_vqc,236,-1,vqc,246,28,63,"{'rz': 32, 'sx': 21, 'cz': 6, 'measure': 4, 'barrier': 1}"
test_vqc,237,-1,vqc,247,28,63,"{'rz': 32, 'sx': 21, 'cz': 6, 'measure': 4, 'barrier': 1}"
test_vqc,238,-1,vqc,248,28,63,"{'rz': 32, 'sx': 21, 'cz': 6, 'measure': 4, 'barrier': 1}"
test_vqc,239,-1,vqc,249,28,63,"{'rz': 32, 'sx': 21, 'cz': 6, 'measure': 4, 'barrier': 1}"
test_vqc,240,-1,vqc,250,28,63,"{'rz': 32, 'sx': 21, 'cz': 6, 'measure': 4, 'barrier': 1}"
test_vqc,241,-1,vqc,251,28,63,"{'rz': 32, 'sx': 21, 'cz': 6, 'measure': 4, 'barrier': 1}"
test_vqc,242,-1,vqc,252,28,63,"{'rz': 32, 'sx': 21, 'cz': 6, 'measure': 4, 'barrier': 1}"
test_vqc,243,-1,vqc,253,28,63,"{'rz': 32, 'sx': 21, 'cz': 6, 'measure': 4, 'barrier': 1}"
test_vqc,244,-1,vqc,254,28,63,"{'rz': 32, 'sx': 21, 'cz': 6, 'measure': 4, 'barrier': 1}"
test_vqc,245,-1,vqc,255,28,63,"{'rz': 32, 'sx': 21, 'cz': 6, 'measure': 4, 'barrier': 1}"
test_vqc,246,-1,vqc,256,28,63,"{'rz': 32, 'sx': 21, 'cz': 6, 'measure': 4, 'barrier': 1}"
test_vqc,247,-1,vqc,257,28,63,"{'rz': 32, 'sx': 21, 'cz': 6, 'measure': 4, 'barrier': 1}"
test_vqc,248,-1,vqc,258,28,63,"{'rz': 32, 'sx': 21, 'cz': 6, 'measure': 4, 'barrier': 1}"
test_vqc,249,-1,vqc,259,28,63,"{'rz': 32, 'sx': 21, 'cz': 6, 'measure': 4, 'barrier': 1}"
test_vqc,250,-1,vqc,260,28,63,"{'rz': 32, 'sx': 21, 'cz': 6, 'measure': 4, 'barrier': 1}"
test_vqc,251,-1,vqc,261,28,63,"{'rz': 32, 'sx': 21, 'cz': 6, 'measure': 4, 'barrier': 1}"
test_vqc,252,-1,vqc,262,28,63,"{'rz': 32, 'sx': 21, 'cz': 6, 'measure': 4, 'barrier': 1}"
test_vqc,253,-1,vqc,263,28,63,"{'rz': 32, 'sx': 21, 'cz': 6, 'measure': 4, 'barrier': 1}"
test_vqc,254,-1,vqc,264,28,63,"{'rz': 32, 'sx': 21, 'cz': 6, 'measure': 4, 'barrier': 1}"
test_vqc,255,-1,vqc,265,28,63,"{'rz': 32, 'sx': 21, 'cz': 6, 'measure': 4, 'barrier': 1}"
test_vqc,256,-1,vqc,266,28,63,"{'rz': 32, 'sx': 21, 'cz': 6, 'measure': 4, 'barrier': 1}"
test_vqc,257,-1,vqc,267,28,63,"{'rz': 32, 'sx': 21, 'cz': 6, 'measure': 4, 'barrier': 1}"
test_vqc,258,-1,vqc,268,28,63,"{'rz': 32, 'sx': 21, 'cz': 6, 'measure': 4, 'barrier': 1}"
test_vqc,259,-1,vqc,269,28,63,"{'rz': 32, 'sx': 21, 'cz': 6, 'measure': 4, 'barrier': 1}"
test_vqc,260,-1,vqc,270,28,63,"{'rz': 32, 'sx': 21, 'cz': 6, 'measure': 4, 'barrier': 1}"
test_vqc,261,-1,vqc,271,28,63,"{'rz': 32, 'sx': 21, 'cz': 6, 'measure': 4, 'barrier': 1}"
test_vqc,262,-1,vqc,272,28,63,"{'rz': 32, 'sx': 21, 'cz': 6, 'measure': 4, 'barrier': 1}"
test_vqc,263,-1,vqc,273,28,63,"{'rz': 32, 'sx': 21, 'cz': 6, 'measure': 4, 'barrier': 1}"
test_vqc,264,-1,vqc,274,28,63,"{'rz': 32, 'sx': 21, 'cz': 6, 'measure': 4, 'barrier': 1}"
test_vqc,265,-1,vqc,275,28,63,"{'rz': 32, 'sx': 21, 'cz': 6, 'measure': 4, 'barrier': 1}"
test_vqc,266,-1,vqc,276,28,63,"{'rz': 32, 'sx': 21, 'cz': 6, 'measure': 4, 'barrier': 1}"
test_vqc,267,-1,vqc,277,28,63,"{'rz': 32, 'sx': 21, 'cz': 6, 'measure': 4, 'barrier': 1}"
test_vqc,268,-1,vqc,278,28,63,"{'rz': 32, 'sx': 21, 'cz': 6, 'measure': 4, 'barrier': 1}"
test_vqc,269,-1,vqc,279,28,63,"{'rz': 32, 'sx': 21, 'cz': 6, 'measure': 4, 'barrier': 1}"
test_vqc,270,-1,vqc,280,28,63,"{'rz': 32, 'sx': 21, 'cz': 6, 'measure': 4, 'barrier': 1}"
test_vqc,271,-1,vqc,281,28,63,"{'rz': 32, 'sx': 21, 'cz': 6, 'measure': 4, 'barrier': 1}"
test_vqc,272,-1,vqc,282,28,63,"{'rz': 32, 'sx': 21, 'cz': 6, 'measure': 4, 'barrier': 1}"
test_vqc,273,-1,vqc,283,28,63,"{'rz': 32, 'sx': 21, 'cz': 6, 'measure': 4, 'barrier': 1}"
test_vqc,274,-1,vqc,284,28,63,"{'rz': 32, 'sx': 21, 'cz': 6, 'measure': 4, 'barrier': 1}"
test_vqc,275,-1,vqc,285,28,63,"{'rz': 32, 'sx': 21, 'cz': 6, 'measure': 4, 'barrier': 1}"
test_vqc,276,-1,vqc,286,28,63,"{'rz': 32, 'sx': 21, 'cz': 6, 'measure': 4, 'barrier': 1}"
test_vqc,277,-1,vqc,287,28,63,"{'rz': 32, 'sx': 21, 'cz': 6, 'measure': 4, 'barrier': 1}"
test_vqc,278,-1,vqc,288,28,63,"{'rz': 32, 'sx': 21, 'cz': 6, 'measure': 4, 'barrier': 1}"
test_vqc,279,-1,vqc,289,28,63,"{'rz': 32, 'sx': 21, 'cz': 6, 'measure': 4, 'barrier': 1}"
test_vqc,280,-1,vqc,290,28,63,"{'rz': 32, 'sx': 21, 'cz': 6, 'measure': 4, 'barrier': 1}"
test_vqc,281,-1,vqc,291,28,63,"{'rz': 32, 'sx': 21, 'cz': 6, 'measure': 4, 'barrier': 1}"
test_vqc,282,-1,vqc,292,28,63,"{'rz': 32, 'sx': 21, 'cz': 6, 'measure': 4, 'barrier': 1}"
test_vqc,283,-1,vqc,293,28,63,"{'rz': 32, 'sx': 21, 'cz': 6, 'measure': 4, 'barrier': 1}"
test_vqc,284,-1,vqc,294,28,63,"{'rz': 32, 'sx': 21, 'cz': 6, 'measure': 4, 'barrier': 1}"
test_vqc,285,-1,vqc,295,28,63,"{'rz': 32, 'sx': 21, 'cz': 6, 'measure': 4, 'barrier': 1}"
test_vqc,286,-1,vqc,296,28,63,"{'rz': 32, 'sx': 21, 'cz': 6, 'measure': 4, 'barrier': 1}"
test_vqc,287,-1,vqc,297,28,63,"{'rz': 32, 'sx': 21, 'cz': 6, 'measure': 4, 'barrier': 1}"
test_vqc,288,-1,vqc,298,28,63,"{'rz': 32, 'sx': 21, 'cz': 6, 'measure': 4, 'barrier': 1}"
test_vqc,289,-1,vqc,299,28,63,"{'rz': 32, 'sx': 21, 'cz': 6, 'measure': 4, 'barrier': 1}"
test_vqc,290,-1,vqc,300,28,63,"{'rz': 32, 'sx': 21, 'cz': 6, 'measure': 4, 'barrier': 1}"
test_vqc,291,-1,vqc,301,28,63,"{'rz': 32, 'sx': 21, 'cz': 6, 'measure': 4, 'barrier': 1}"
test_vqc,292,-1,vqc,302,28,63,"{'rz': 32, 'sx': 21, 'cz': 6, 'measure': 4, 'barrier': 1}"
test_vqc,293,-1,vqc,303,28,63,"{'rz': 32, 'sx': 21, 'cz': 6, 'measure': 4, 'barrier': 1}"
test_vqc,294,-1,vqc,304,28,63,"{'rz': 32, 'sx': 21, 'cz': 6, 'measure': 4, 'barrier': 1}"
test_vqc,295,-1,vqc,305,28,63,"{'rz': 32, 'sx': 21, 'cz': 6, 'measure': 4, 'barrier': 1}"
test_vqc,296,-1,vqc,306,28,63,"{'rz': 32, 'sx': 21, 'cz': 6, 'measure': 4, 'barrier': 1}"
test_vqc,297,-1,vqc,307,28,63,"{'rz': 32, 'sx': 21, 'cz': 6, 'measure': 4, 'barrier': 1}"
test_vqc,298,-1,vqc,308,28,63,"{'rz': 32, 'sx': 21, 'cz': 6, 'measure': 4, 'barrier': 1}"
test_vqc,299,-1,vqc,309,28,63,"{'rz': 32, 'sx': 21, 'cz': 6, 'measure': 4, 'barrier': 1}"
