track,model,split,threshold,accuracy,precision,recall,f1,roc_auc,pr_auc,fpr,fnr,tn,fp,fn,tp,n_rows,training_time_seconds,test_inference_time_seconds,threshold_policy,recall_target,train_fraction,repeat,train_rows_used,feature_state_time_seconds,kernel_matrix_time_seconds
phase5_label_scarcity,reduced_logistic_regression,test,0.00491464955337195,0.22697512437810946,0.00526848777736473,0.822,0.010469870464011412,0.525048,0.007087455560089731,0.776,0.178,22400.0,77600.0,89.0,411.0,1000,2.247591184999692,0.00030879699988872744,recall_target_precision_max,0.8,0.1,0,160,,
phase5_label_scarcity,reduced_svm_rbf,test,0.48779195403076425,0.22475621890547265,0.004962398321993145,0.776,0.00986173241154941,0.496164,0.008803349792276375,0.778,0.224,22200.0,77800.0,112.0,388.0,1000,0.008037940000576782,0.008034509000935941,recall_target_precision_max,0.8,0.1,0,160,,
phase5_label_scarcity,reduced_mlp,test,0.5087448321661325,0.20480597014925372,0.004776573587917638,0.766,0.009493945440799177,0.46228,0.004387355257653085,0.798,0.234,20200.0,79800.0,117.0,383.0,1000,0.03511627500120085,0.0004423869995662244,recall_target_precision_max,0.8,0.1,0,160,,
phase5_label_scarcity,quantum_kernel_svc_statevector,test,-1.0001921296410385,0.181273631840796,0.005059430148393812,0.836,0.010057989845761447,0.49558399999999997,0.00526783591854388,0.822,0.164,17800.0,82200.0,82.0,418.0,1000,0.004124336001041229,0.001571791999595007,recall_target_precision_max,0.8,0.1,0,160,0.24227121699914278,0.011422785999457119
phase5_label_scarcity,reduced_logistic_regression,test,0.004390028335054961,0.11605970149253732,0.005198064169205951,0.928,0.010338220221915245,0.501776,0.00473677630649386,0.888,0.072,11200.0,88800.0,36.0,464.0,1000,1.4237249359994166,0.00039338399983535055,recall_target_precision_max,0.8,0.1,1,160,,
phase5_label_scarcity,reduced_svm_rbf,test,0.494577139863965,0.028756218905472638,0.0049954123763890305,0.98,0.00994015620245461,0.48663599999999996,0.00491350226150903,0.976,0.02,2400.0,97600.0,10.0,490.0,1000,0.006811582999944221,0.00633251600083895,recall_target_precision_max,0.8,0.1,1,160,,
phase5_label_scarcity,reduced_mlp,test,0.3515111717942,0.03281592039800995,0.005097340784867653,0.996,0.010142772765229435,0.49801599999999996,0.004945565368918708,0.972,0.004,2800.0,97200.0,2.0,498.0,1000,0.061289896999369375,0.000414206999266753,recall_target_precision_max,0.8,0.1,1,160,,
phase5_label_scarcity,quantum_kernel_svc_statevector,test,-1.0006181661595848,0.016895522388059702,0.005015206751394791,0.996,0.00998015992304455,0.520988,0.005068489535333447,0.988,0.004,1200.0,98800.0,2.0,498.0,1000,0.003688052000143216,0.0015692400011175778,recall_target_precision_max,0.8,0.1,1,160,0.24596334000125353,0.004812780000065686
phase5_label_scarcity,reduced_logistic_regression,test,0.004085839060864746,0.11406965174129353,0.005186443709201466,0.928,0.010315237205993508,0.49996799999999997,0.004714959349770226,0.89,0.072,11000.0,89000.0,36.0,464.0,1000,1.3314415530003316,0.00035978699997940566,recall_target_precision_max,0.8,0.1,2,160,,
phase5_label_scarcity,reduced_svm_rbf,test,0.48745278245261403,0.1594328358208955,0.00498685498037089,0.846,0.009915263176400266,0.485956,0.004693084302268778,0.844,0.154,15600.0,84400.0,77.0,423.0,1000,0.007615456999701564,0.006897843999468023,recall_target_precision_max,0.8,0.1,2,160,,
phase5_label_scarcity,reduced_mlp,test,0.3750908260052094,0.0505771144278607,0.0050373893182315945,0.966,0.010022514343815818,0.494104,0.004662277027398642,0.954,0.034,4600.0,95400.0,17.0,483.0,1000,0.020611075999113382,0.0004705240007751854,recall_target_precision_max,0.8,0.1,2,160,,
phase5_label_scarcity,quantum_kernel_svc_statevector,test,-1.0002043620331442,0.18722388059701492,0.005072181037846274,0.832,0.01008289301468806,0.5319,0.0073042550296227105,0.816,0.168,18400.0,81600.0,84.0,416.0,1000,0.0036785829997825203,0.001737499998853309,recall_target_precision_max,0.8,0.1,2,160,0.2521017839990236,0.005090814000141108
phase5_label_scarcity,reduced_logistic_regression,test,0.004851245551993609,0.132,0.005315629776652294,0.932,0.010570968400517206,0.5211279999999999,0.007017376544919209,0.872,0.068,12800.0,87200.0,34.0,466.0,1000,1.4128636920013378,0.0003370020003785612,recall_target_precision_max,0.8,0.25,0,400,,
phase5_label_scarcity,reduced_svm_rbf,test,0.48570234806902707,0.05259701492537314,0.005079112931881362,0.972,0.010105420747302103,0.505204,0.007126142239681435,0.952,0.028,4800.0,95200.0,14.0,486.0,1000,0.028134841999417404,0.01437300699944899,recall_target_precision_max,0.8,0.25,0,400,,
phase5_label_scarcity,reduced_mlp,test,0.4787177092587582,0.20667661691542288,0.004639181703367471,0.742,0.009220713051906897,0.46543599999999996,0.004434816792567612,0.796,0.258,20400.0,79600.0,129.0,371.0,1000,0.04486394699961238,0.00041902300108631607,recall_target_precision_max,0.8,0.25,0,400,,
phase5_label_scarcity,quantum_kernel_svc_statevector,test,-1.0002672229656557,0.1634228855721393,0.0050222685492277075,0.848,0.009985398709434318,0.509144,0.006858779829123343,0.84,0.152,16000.0,84000.0,76.0,424.0,1000,0.008311457999298,0.0034288079987163655,recall_target_precision_max,0.8,0.25,0,400,0.2762216669998452,0.017929338000612915
phase5_label_scarcity,reduced_logistic_regression,test,0.0040345716129580305,0.1120497512437811,0.00514158887364629,0.922,0.010226150996550614,0.505616,0.006785160412884422,0.892,0.078,10800.0,89200.0,39.0,461.0,1000,0.012663973000599071,0.0005027910010539927,recall_target_precision_max,0.8,0.25,1,400,,
phase5_label_scarcity,reduced_svm_rbf,test,0.49787117634419903,0.02683582089552239,0.00505610547626072,0.994,0.010061034241930424,0.5067539999999999,0.005014041707939265,0.978,0.006,2200.0,97800.0,3.0,497.0,1000,0.028236624999408377,0.014828274001047248,recall_target_precision_max,0.8,0.25,1,400,,
phase5_label_scarcity,reduced_mlp,test,0.43643530825949567,0.08029850746268656,0.005060837730160439,0.94,0.010067473492556496,0.5389360000000001,0.005581186696855964,0.924,0.06,7600.0,92400.0,30.0,470.0,1000,0.09434378500009188,0.0004040340008941712,recall_target_precision_max,0.8,0.25,1,400,,
phase5_label_scarcity,quantum_kernel_svc_statevector,test,-1.0002698050201813,0.1278905472636816,0.00514462880310722,0.906,0.010231160999627342,0.5245040000000001,0.007020202638189088,0.876,0.094,12400.0,87600.0,47.0,453.0,1000,0.00810211300085939,0.0034365349984000204,recall_target_precision_max,0.8,0.25,1,400,0.2676808739997796,0.017057353999916813
phase5_label_scarcity,reduced_logistic_regression,test,0.0038622769333548305,0.11005970149253731,0.005130145446856812,0.922,0.01020351700401722,0.50532,0.008760710130901307,0.894,0.078,10600.0,89400.0,39.0,461.0,1000,0.03309373299998697,0.0003074060005019419,recall_target_precision_max,0.8,0.25,2,400,,
phase5_label_scarcity,reduced_svm_rbf,test,0.48141008821767656,0.05864676616915423,0.005194859822912066,0.988,0.010335376697282257,0.5080600000000001,0.0049391861254267835,0.946,0.012,5400.0,94600.0,6.0,494.0,1000,0.026589204000629252,0.015118639999855077,recall_target_precision_max,0.8,0.25,2,400,,
phase5_label_scarcity,reduced_mlp,test,0.4551534363052934,0.10010945273631841,0.005073683978824798,0.922,0.01009183349569291,0.503908,0.006751085684203862,0.904,0.078,9600.0,90400.0,39.0,461.0,1000,0.08517099799973948,0.0004076609984622337,recall_target_precision_max,0.8,0.25,2,400,,
phase5_label_scarcity,quantum_kernel_svc_statevector,test,-1.0001567334732664,0.13417910447761194,0.005543807509858833,0.97,0.011024606467011422,0.5436559999999999,0.007515819483773504,0.87,0.03,13000.0,87000.0,15.0,485.0,1000,0.006688196001050528,0.0033818909996625734,recall_target_precision_max,0.8,0.25,2,400,0.2727425930006575,0.01444216699928802
phase5_label_scarcity,reduced_logistic_regression,test,0.0047232483620726845,0.12599004975124378,0.0052344157168430355,0.924,0.01040986007525743,0.5124519999999999,0.006875890131020404,0.878,0.076,12200.0,87800.0,38.0,462.0,1000,0.022487395001007826,0.00029335999897739384,recall_target_precision_max,0.8,0.5,0,800,,
phase5_label_scarcity,reduced_svm_rbf,test,0.47991998638603256,0.145681592039801,0.005113577068911539,0.882,0.01016820188838035,0.47816000000000003,0.004578923421180192,0.858,0.118,14200.0,85800.0,59.0,441.0,1000,0.0969024599999102,0.027147781998792198,recall_target_precision_max,0.8,0.5,0,800,,
phase5_label_scarcity,reduced_mlp,test,0.48766644911460705,0.21882587064676617,0.004975124378109453,0.784,0.00988750441406447,0.485892,0.004594364257284904,0.784,0.216,21600.0,78400.0,108.0,392.0,1000,0.08959610600140877,0.0004009280000900617,recall_target_precision_max,0.8,0.5,0,800,,
phase5_label_scarcity,quantum_kernel_svc_statevector,test,-1.0002623684800176,0.21304477611940298,0.005175605394718616,0.822,0.010286443668581297,0.528736,0.005474221281079856,0.79,0.178,21000.0,79000.0,89.0,411.0,1000,0.014870443999825511,0.005941352999798255,recall_target_precision_max,0.8,0.5,0,800,0.31727618699915183,0.03387657799976296
phase5_label_scarcity,reduced_logistic_regression,test,0.0042605000814846215,0.10807960199004975,0.005129799471475206,0.924,0.010202954881738478,0.5064280000000001,0.006788327687561121,0.896,0.076,10400.0,89600.0,38.0,462.0,1000,0.02244026200060034,0.0003552720008883625,recall_target_precision_max,0.8,0.5,1,800,,
phase5_label_scarcity,reduced_svm_rbf,test,0.46496709845362366,0.1020995024875622,0.005084876628318681,0.922,0.010113974177553997,0.531168,0.013397218380603114,0.902,0.078,9800.0,90200.0,39.0,461.0,1000,0.09817155899872887,0.028779625001334352,recall_target_precision_max,0.8,0.5,1,800,,
phase5_label_scarcity,reduced_mlp,test,0.4541864785961906,0.11002985074626866,0.005096930712902579,0.916,0.010137453241550277,0.514564,0.008958562533239565,0.894,0.084,10600.0,89400.0,42.0,458.0,1000,0.09818799699860392,0.00042252200000802986,recall_target_precision_max,0.8,0.5,1,800,,
phase5_label_scarcity,quantum_kernel_svc_statevector,test,-1.000432420707623,0.09413930348258706,0.005040399733219624,0.922,0.010025989278063526,0.5232680000000001,0.0052582433597591245,0.91,0.078,9000.0,91000.0,39.0,461.0,1000,0.013519653000912513,0.006327883998892503,recall_target_precision_max,0.8,0.5,1,800,0.3155052580004849,0.019971323999925517
phase5_label_scarcity,reduced_logistic_regression,test,0.004929223676148055,0.24687562189054726,0.005407112128507716,0.822,0.010743553214570455,0.5323880000000001,0.0072450367383944435,0.756,0.178,24400.0,75600.0,89.0,411.0,1000,0.032840017000125954,0.000288507000732352,recall_target_precision_max,0.8,0.5,2,800,,
phase5_label_scarcity,reduced_svm_rbf,test,0.4748376681589468,0.08616915422885572,0.004985909386516367,0.92,0.009918068132815868,0.47652,0.0044119880722956915,0.918,0.08,8200.0,91800.0,40.0,460.0,1000,0.09257622199947946,0.028224109999428038,recall_target_precision_max,0.8,0.5,2,800,,
phase5_label_scarcity,reduced_mlp,test,0.4997551985391828,0.08829850746268657,0.005148033103807807,0.948,0.010240456283621751,0.494088,0.004618475494033295,0.916,0.052,8400.0,91600.0,26.0,474.0,1000,0.08041428199976508,0.0003936379998776829,recall_target_precision_max,0.8,0.5,2,800,,
phase5_label_scarcity,quantum_kernel_svc_statevector,test,-1.0002401393697502,0.09795024875621891,0.004876762883880322,0.888,0.009700253430044568,0.48192399999999996,0.004610257388665414,0.906,0.112,9400.0,90600.0,56.0,444.0,1000,0.013955282000097213,0.006345559000692447,recall_target_precision_max,0.8,0.5,2,800,0.31500405100086937,0.025688100000479608
phase5_label_scarcity,reduced_logistic_regression,test,0.004746716395640759,0.12404975124378109,0.00527880452598144,0.934,0.01049827464115908,0.514232,0.006902500486523106,0.88,0.066,12000.0,88000.0,33.0,467.0,1000,0.012301914999625296,0.0003558770004019607,recall_target_precision_max,0.8,1.0,0,1600,,
phase5_label_scarcity,reduced_svm_rbf,test,0.5,0.004975124378109453,0.004975124378109453,1.0,0.009900990099009901,0.5,0.004975124378109453,1.0,0.0,0.0,100000.0,0.0,500.0,1000,0.3606944709990785,0.05495378100022208,recall_target_precision_max,0.8,1.0,0,1600,,
phase5_label_scarcity,reduced_mlp,test,0.4922903022443147,0.21083582089552239,0.004887610096872683,0.778,0.009714192960331632,0.482812,0.0045792643884505985,0.792,0.222,20800.0,79200.0,111.0,389.0,1000,0.19611288899977808,0.0004447310002433369,recall_target_precision_max,0.8,1.0,0,1600,,
phase5_label_scarcity,quantum_kernel_svc_statevector,test,-1.0005014812716484,0.020895522388059702,0.005055611729019211,1.0,0.01006036217303823,0.5086200000000001,0.004960696420897402,0.984,0.0,1600.0,98400.0,0.0,500.0,1000,0.04502914899967436,0.01167514500048128,recall_target_precision_max,0.8,1.0,0,1600,0.4120661029992334,0.08180963399900065
phase5_label_scarcity,reduced_logistic_regression,test,0.00474671639564075,0.12404975124378109,0.00527880452598144,0.934,0.01049827464115908,0.514232,0.006902500486523106,0.88,0.066,12000.0,88000.0,33.0,467.0,1000,0.012459090001357254,0.0002905469991674181,recall_target_precision_max,0.8,1.0,1,1600,,
phase5_label_scarcity,reduced_svm_rbf,test,0.48153778178585593,0.1890049751243781,0.00482914603582126,0.79,0.009599611154991191,0.466364,0.004512003197953128,0.814,0.21,18600.0,81400.0,105.0,395.0,1000,0.35875014799967175,0.056375434000074165,recall_target_precision_max,0.8,1.0,1,1600,,
phase5_label_scarcity,reduced_mlp,test,0.48465521079694884,0.159592039800995,0.005174507007390469,0.878,0.010288379287312951,0.5255839999999999,0.005137751048307483,0.844,0.122,15600.0,84400.0,61.0,439.0,1000,0.13373563700042723,0.0004591349988913862,recall_target_precision_max,0.8,1.0,1,1600,,
phase5_label_scarcity,quantum_kernel_svc_statevector,test,-1.0002336623184347,0.175363184079602,0.005094684225704124,0.848,0.010128517509913525,0.535776,0.0073322768418939786,0.828,0.152,17200.0,82800.0,76.0,424.0,1000,0.037347392999436124,0.012448168999981135,recall_target_precision_max,0.8,1.0,1,1600,0.42528864100131614,0.05843069599904993
phase5_label_scarcity,reduced_logistic_regression,test,0.00474671639564075,0.12404975124378109,0.00527880452598144,0.934,0.01049827464115908,0.514232,0.006902500486523106,0.88,0.066,12000.0,88000.0,33.0,467.0,1000,0.012740180000037071,0.0003006449987879023,recall_target_precision_max,0.8,1.0,2,1600,,
phase5_label_scarcity,reduced_svm_rbf,test,0.48513138366070924,0.07448756218905472,0.005198639368461588,0.972,0.010341965824697295,0.52086,0.005084616819154504,0.93,0.028,7000.0,93000.0,14.0,486.0,1000,0.3645861760014668,0.053617301000485895,recall_target_precision_max,0.8,1.0,2,1600,,
phase5_label_scarcity,reduced_mlp,test,0.4884757218646427,0.1120497512437811,0.00514158887364629,0.922,0.010226150996550614,0.5064799999999999,0.00679024103913216,0.892,0.078,10800.0,89200.0,39.0,461.0,1000,0.09850588200060884,0.0004421579997142544,recall_target_precision_max,0.8,1.0,2,1600,,
phase5_label_scarcity,quantum_kernel_svc_statevector,test,-1.0004246287965801,0.032776119402985075,0.005056605318648023,0.988,0.010061714565044707,0.5234920000000001,0.005247586522947935,0.972,0.012,2800.0,97200.0,6.0,494.0,1000,0.03989704600098776,0.012958072000401444,recall_target_precision_max,0.8,1.0,2,1600,0.41279349800061027,0.06592749199990067
