model_group,purpose,i,j,circuit_index,counts_json,shots_observed
kernel_svc,train_kernel,0,0,0,"{""0000"": 241, ""0001"": 14, ""1000"": 1}",256
kernel_svc,train_kernel,0,1,1,"{""0000"": 206, ""1000"": 12, ""1100"": 1, ""0100"": 22, ""1001"": 2, ""0001"": 12, ""0010"": 1}",256
kernel_svc,train_kernel,0,2,2,"{""0000"": 167, ""1000"": 54, ""1100"": 1, ""0100"": 6, ""0001"": 20, ""1001"": 6, ""0101"": 1, ""1010"": 1}",256
kernel_svc,train_kernel,0,3,3,"{""0000"": 234, ""0001"": 15, ""1000"": 5, ""0100"": 2}",256
kernel_svc,train_kernel,0,4,4,"{""0000"": 207, ""1000"": 28, ""1001"": 3, ""0001"": 11, ""0100"": 2, ""0010"": 2, ""1100"": 3}",256
kernel_svc,train_kernel,0,5,5,"{""0000"": 217, ""0001"": 33, ""0010"": 3, ""0100"": 2, ""1000"": 1}",256
kernel_svc,train_kernel,0,6,6,"{""1000"": 28, ""0000"": 209, ""0001"": 12, ""1001"": 3, ""1010"": 2, ""0100"": 2}",256
kernel_svc,train_kernel,0,7,7,"{""0000"": 235, ""0001"": 19, ""1000"": 1, ""1001"": 1}",256
kernel_svc,train_kernel,0,8,8,"{""0000"": 214, ""0001"": 34, ""1000"": 7, ""0100"": 1}",256
kernel_svc,train_kernel,0,9,9,"{""0001"": 27, ""1000"": 2, ""0000"": 223, ""0010"": 4}",256
kernel_svc,train_kernel,1,1,10,"{""0001"": 18, ""0000"": 238}",256
kernel_svc,train_kernel,1,2,11,"{""0000"": 205, ""0001"": 26, ""1000"": 14, ""0010"": 2, ""0100"": 7, ""1001"": 2}",256
kernel_svc,train_kernel,1,3,12,"{""0000"": 227, ""0001"": 18, ""0100"": 8, ""1000"": 1, ""0101"": 1, ""1100"": 1}",256
kernel_svc,train_kernel,1,4,13,"{""0001"": 19, ""0100"": 7, ""0000"": 224, ""1001"": 1, ""1100"": 1, ""1000"": 3, ""0010"": 1}",256
kernel_svc,train_kernel,1,5,14,"{""0000"": 205, ""0100"": 7, ""0001"": 21, ""1000"": 16, ""1001"": 3, ""1010"": 1, ""0010"": 2, ""1100"": 1}",256
kernel_svc,train_kernel,1,6,15,"{""0000"": 215, ""0100"": 11, ""0001"": 22, ""1000"": 4, ""0101"": 1, ""1100"": 1, ""0010"": 2}",256
kernel_svc,train_kernel,1,7,16,"{""1000"": 27, ""0000"": 187, ""1100"": 8, ""0001"": 10, ""0100"": 22, ""1001"": 1, ""0101"": 1}",256
kernel_svc,train_kernel,1,8,17,"{""0000"": 168, ""0001"": 24, ""0100"": 13, ""1001"": 10, ""1000"": 35, ""0010"": 2, ""0101"": 2, ""1100"": 2}",256
kernel_svc,train_kernel,1,9,18,"{""0001"": 20, ""0000"": 219, ""0100"": 6, ""1000"": 7, ""0011"": 1, ""0101"": 1, ""1001"": 1, ""0010"": 1}",256
kernel_svc,train_kernel,2,2,19,"{""0000"": 241, ""0001"": 13, ""0100"": 1, ""1000"": 1}",256
kernel_svc,train_kernel,2,3,20,"{""0000"": 214, ""1000"": 20, ""0001"": 18, ""1001"": 2, ""1100"": 1, ""0100"": 1}",256
kernel_svc,train_kernel,2,4,21,"{""0000"": 226, ""0001"": 28, ""1000"": 2}",256
kernel_svc,train_kernel,2,5,22,"{""0000"": 182, ""1000"": 56, ""0001"": 14, ""1001"": 3, ""0100"": 1}",256
kernel_svc,train_kernel,2,6,23,"{""0000"": 231, ""0001"": 20, ""1000"": 3, ""0100"": 1, ""0010"": 1}",256
kernel_svc,train_kernel,2,7,24,"{""0000"": 154, ""1000"": 76, ""0100"": 6, ""0001"": 13, ""1001"": 7}",256
kernel_svc,train_kernel,2,8,25,"{""0000"": 147, ""0001"": 13, ""1000"": 84, ""1001"": 9, ""0010"": 1, ""0100"": 2}",256
kernel_svc,train_kernel,2,9,26,"{""0001"": 13, ""1000"": 32, ""0000"": 202, ""1001"": 6, ""1100"": 1, ""0010"": 2}",256
kernel_svc,train_kernel,3,3,27,"{""0000"": 243, ""0001"": 12, ""1000"": 1}",256
kernel_svc,train_kernel,3,4,28,"{""0000"": 219, ""0010"": 3, ""0001"": 20, ""1000"": 11, ""1101"": 1, ""0100"": 2}",256
kernel_svc,train_kernel,3,5,29,"{""0001"": 24, ""0000"": 218, ""1000"": 10, ""0010"": 4}",256
kernel_svc,train_kernel,3,6,30,"{""0000"": 213, ""1000"": 14, ""0001"": 22, ""0101"": 1, ""1001"": 2, ""0100"": 2, ""0010"": 2}",256
kernel_svc,train_kernel,3,7,31,"{""0000"": 221, ""0001"": 14, ""1000"": 18, ""1001"": 2, ""0100"": 1}",256
kernel_svc,train_kernel,3,8,32,"{""0000"": 202, ""0001"": 31, ""1001"": 4, ""1000"": 17, ""0010"": 2}",256
kernel_svc,train_kernel,3,9,33,"{""0000"": 218, ""0100"": 3, ""0001"": 31, ""1000"": 2, ""0010"": 1, ""1001"": 1}",256
kernel_svc,train_kernel,4,4,34,"{""0000"": 242, ""0001"": 12, ""0100"": 1, ""1000"": 1}",256
kernel_svc,train_kernel,4,5,35,"{""0000"": 210, ""1000"": 24, ""0001"": 18, ""1001"": 3, ""0101"": 1}",256
kernel_svc,train_kernel,4,6,36,"{""0000"": 245, ""0001"": 11}",256
kernel_svc,train_kernel,4,7,37,"{""0010"": 4, ""0000"": 182, ""1000"": 43, ""0001"": 20, ""1100"": 1, ""0011"": 1, ""1001"": 2, ""1011"": 1, ""0100"": 2}",256
kernel_svc,train_kernel,4,8,38,"{""0000"": 166, ""0010"": 2, ""1000"": 64, ""0001"": 19, ""1001"": 2, ""1100"": 1, ""0100"": 2}",256
kernel_svc,train_kernel,4,9,39,"{""0000"": 222, ""1000"": 24, ""0001"": 10}",256
kernel_svc,train_kernel,5,5,40,"{""0001"": 13, ""0000"": 242, ""1000"": 1}",256
kernel_svc,train_kernel,5,6,41,"{""0000"": 203, ""1000"": 33, ""0001"": 16, ""1001"": 3, ""0100"": 1}",256
kernel_svc,train_kernel,5,7,42,"{""0000"": 223, ""0001"": 28, ""0010"": 2, ""0100"": 2, ""0011"": 1}",256
kernel_svc,train_kernel,5,8,43,"{""0000"": 230, ""0001"": 19, ""1000"": 5, ""0010"": 1, ""0100"": 1}",256
kernel_svc,train_kernel,5,9,44,"{""0000"": 236, ""0001"": 16, ""1000"": 4}",256
kernel_svc,train_kernel,6,6,45,"{""0000"": 235, ""1001"": 1, ""0001"": 20}",256
kernel_svc,train_kernel,6,7,46,"{""0000"": 180, ""1000"": 47, ""1001"": 3, ""0001"": 22, ""0100"": 2, ""1010"": 1, ""0010"": 1}",256
kernel_svc,train_kernel,6,8,47,"{""0000"": 164, ""1000"": 66, ""0001"": 12, ""1001"": 10, ""0010"": 3, ""0011"": 1}",256
kernel_svc,train_kernel,6,9,48,"{""0000"": 212, ""0001"": 14, ""1000"": 25, ""1001"": 3, ""1010"": 1, ""0100"": 1}",256
kernel_svc,train_kernel,7,7,49,"{""0000"": 238, ""0001"": 18}",256
kernel_svc,train_kernel,7,8,50,"{""0001"": 28, ""0010"": 4, ""0000"": 219, ""1000"": 4, ""1100"": 1}",256
kernel_svc,train_kernel,7,9,51,"{""0000"": 225, ""0001"": 25, ""0010"": 2, ""1000"": 2, ""0100"": 1, ""1001"": 1}",256
kernel_svc,train_kernel,8,8,52,"{""0000"": 239, ""0001"": 16, ""1000"": 1}",256
kernel_svc,train_kernel,8,9,53,"{""0000"": 216, ""0001"": 19, ""1000"": 16, ""1001"": 3, ""0100"": 1, ""0010"": 1}",256
kernel_svc,train_kernel,9,9,54,"{""0000"": 232, ""0001"": 22, ""0100"": 1, ""1000"": 1}",256
kernel_svc,valid_kernel,0,0,55,"{""0000"": 232, ""1000"": 13, ""0001"": 10, ""0101"": 1}",256
kernel_svc,valid_kernel,0,1,56,"{""0000"": 184, ""0100"": 16, ""1000"": 38, ""0001"": 10, ""1100"": 2, ""0101"": 1, ""1001"": 3, ""0010"": 2}",256
kernel_svc,valid_kernel,0,2,57,"{""0000"": 137, ""1001"": 14, ""1000"": 94, ""0001"": 8, ""0100"": 2, ""1100"": 1}",256
kernel_svc,valid_kernel,0,3,58,"{""0000"": 201, ""1000"": 34, ""0001"": 16, ""0100"": 1, ""1001"": 3, ""1100"": 1}",256
kernel_svc,valid_kernel,0,4,59,"{""1000"": 70, ""0000"": 164, ""0001"": 12, ""0100"": 5, ""1001"": 4, ""1100"": 1}",256
kernel_svc,valid_kernel,0,5,60,"{""0000"": 228, ""1000"": 3, ""1001"": 2, ""0001"": 17, ""0100"": 4, ""0010"": 2}",256
kernel_svc,valid_kernel,0,6,61,"{""1000"": 65, ""0000"": 161, ""0001"": 16, ""1100"": 2, ""1001"": 5, ""0100"": 6, ""1101"": 1}",256
kernel_svc,valid_kernel,0,7,62,"{""0000"": 238, ""1001"": 1, ""0001"": 16, ""1000"": 1}",256
kernel_svc,valid_kernel,0,8,63,"{""0000"": 220, ""1000"": 3, ""0001"": 25, ""1001"": 2, ""0100"": 1, ""0010"": 4, ""0011"": 1}",256
kernel_svc,valid_kernel,0,9,64,"{""0000"": 221, ""1000"": 15, ""0010"": 1, ""0001"": 18, ""0100"": 1}",256
kernel_svc,valid_kernel,1,0,65,"{""0000"": 190, ""1000"": 38, ""0001"": 20, ""0100"": 3, ""1001"": 3, ""1100"": 1, ""1101"": 1}",256
kernel_svc,valid_kernel,1,1,66,"{""0000"": 215, ""0100"": 9, ""1000"": 9, ""0001"": 20, ""0011"": 1, ""0101"": 1, ""0010"": 1}",256
kernel_svc,valid_kernel,1,2,67,"{""0000"": 238, ""1000"": 3, ""0001"": 15}",256
kernel_svc,valid_kernel,1,3,68,"{""0000"": 206, ""0001"": 25, ""1001"": 3, ""1000"": 17, ""0100"": 4, ""0010"": 1}",256
kernel_svc,valid_kernel,1,4,69,"{""0001"": 16, ""0000"": 235, ""1000"": 4, ""0100"": 1}",256
kernel_svc,valid_kernel,1,5,70,"{""0000"": 182, ""1000"": 46, ""0001"": 20, ""1001"": 6, ""1100"": 1, ""0010"": 1}",256
kernel_svc,valid_kernel,1,6,71,"{""0000"": 235, ""1000"": 2, ""0010"": 1, ""0001"": 17, ""0100"": 1}",256
kernel_svc,valid_kernel,1,7,72,"{""0001"": 15, ""0000"": 173, ""1000"": 58, ""1001"": 4, ""0100"": 3, ""0101"": 1, ""0010"": 1, ""1010"": 1}",256
kernel_svc,valid_kernel,1,8,73,"{""0000"": 144, ""1000"": 82, ""0001"": 22, ""0100"": 4, ""1001"": 2, ""0010"": 2}",256
kernel_svc,valid_kernel,1,9,74,"{""0000"": 208, ""1000"": 27, ""1001"": 2, ""0001"": 18, ""0010"": 1}",256
kernel_svc,valid_kernel,2,0,75,"{""0001"": 27, ""0000"": 224, ""1000"": 1, ""0010"": 1, ""0100"": 1, ""1001"": 1, ""0011"": 1}",256
kernel_svc,valid_kernel,2,1,76,"{""0000"": 201, ""0001"": 21, ""0100"": 17, ""1000"": 12, ""0010"": 2, ""1100"": 1, ""1001"": 1, ""0101"": 1}",256
kernel_svc,valid_kernel,2,2,77,"{""0000"": 186, ""1000"": 52, ""1001"": 2, ""0001"": 16}",256
kernel_svc,valid_kernel,2,3,78,"{""0000"": 222, ""0001"": 20, ""0010"": 5, ""0011"": 1, ""1001"": 3, ""1000"": 4, ""1010"": 1}",256
kernel_svc,valid_kernel,2,4,79,"{""1000"": 27, ""0000"": 210, ""0001"": 18, ""1001"": 1}",256
kernel_svc,valid_kernel,2,5,80,"{""0000"": 236, ""0001"": 17, ""0100"": 1, ""1000"": 2}",256
kernel_svc,valid_kernel,2,6,81,"{""0000"": 198, ""1000"": 37, ""0100"": 2, ""0001"": 14, ""1001"": 3, ""1100"": 2}",256
kernel_svc,valid_kernel,2,7,82,"{""0000"": 226, ""0001"": 22, ""0010"": 3, ""0100"": 1, ""1000"": 3, ""1001"": 1}",256
kernel_svc,valid_kernel,2,8,83,"{""0000"": 232, ""0001"": 17, ""1000"": 5, ""1001"": 1, ""1100"": 1}",256
kernel_svc,valid_kernel,2,9,84,"{""0000"": 246, ""0010"": 1, ""0001"": 8, ""0100"": 1}",256
kernel_svc,valid_kernel,3,0,85,"{""0001"": 22, ""0000"": 227, ""0010"": 2, ""1000"": 4, ""0101"": 1}",256
kernel_svc,valid_kernel,3,1,86,"{""0000"": 213, ""0100"": 11, ""0001"": 20, ""0010"": 2, ""0101"": 1, ""1000"": 9}",256
kernel_svc,valid_kernel,3,2,87,"{""0000"": 201, ""0001"": 15, ""1001"": 4, ""0100"": 1, ""1000"": 34, ""0010"": 1}",256
kernel_svc,valid_kernel,3,3,88,"{""0000"": 215, ""0001"": 32, ""1000"": 6, ""1001"": 1, ""0010"": 1, ""0100"": 1}",256
kernel_svc,valid_kernel,3,4,89,"{""0000"": 227, ""1000"": 13, ""0001"": 12, ""0100"": 3, ""1001"": 1}",256
kernel_svc,valid_kernel,3,5,90,"{""0000"": 238, ""0001"": 12, ""0010"": 1, ""1000"": 4, ""0100"": 1}",256
kernel_svc,valid_kernel,3,6,91,"{""0000"": 211, ""0100"": 2, ""1000"": 21, ""0001"": 19, ""1001"": 3}",256
kernel_svc,valid_kernel,3,7,92,"{""0000"": 225, ""1000"": 8, ""0001"": 18, ""0010"": 1, ""0100"": 4}",256
kernel_svc,valid_kernel,3,8,93,"{""1000"": 17, ""0000"": 217, ""0001"": 17, ""0010"": 3, ""0100"": 2}",256
kernel_svc,valid_kernel,3,9,94,"{""0000"": 238, ""0001"": 15, ""1000"": 3}",256
kernel_svc,valid_kernel,4,0,95,"{""0000"": 180, ""1000"": 45, ""0001"": 23, ""0010"": 1, ""0101"": 2, ""0100"": 2, ""0011"": 1, ""1001"": 2}",256
kernel_svc,valid_kernel,4,1,96,"{""0000"": 212, ""1000"": 8, ""0001"": 27, ""1001"": 2, ""0100"": 4, ""0010"": 3}",256
kernel_svc,valid_kernel,4,2,97,"{""0000"": 230, ""0001"": 23, ""0100"": 1, ""1000"": 2}",256
kernel_svc,valid_kernel,4,3,98,"{""0100"": 2, ""0101"": 1, ""0000"": 214, ""0001"": 20, ""1001"": 1, ""1000"": 17, ""0010"": 1}",256
kernel_svc,valid_kernel,4,4,99,"{""1000"": 3, ""0000"": 226, ""0001"": 25, ""0010"": 1, ""0100"": 1}",256
kernel_svc,valid_kernel,4,5,100,"{""0000"": 193, ""1000"": 37, ""0001"": 15, ""1101"": 1, ""0100"": 5, ""1001"": 4, ""1100"": 1}",256
kernel_svc,valid_kernel,4,6,101,"{""0000"": 241, ""0001"": 14, ""1000"": 1}",256
kernel_svc,valid_kernel,4,7,102,"{""1000"": 62, ""0000"": 163, ""0001"": 18, ""1001"": 8, ""0100"": 4, ""0010"": 1}",256
kernel_svc,valid_kernel,4,8,103,"{""0001"": 16, ""0000"": 154, ""1000"": 74, ""1100"": 4, ""1001"": 4, ""0100"": 3, ""0101"": 1}",256
kernel_svc,valid_kernel,4,9,104,"{""1001"": 1, ""0000"": 203, ""0100"": 1, ""0001"": 14, ""1000"": 37}",256
kernel_svc,valid_kernel,5,0,105,"{""0000"": 233, ""0001"": 16, ""1000"": 6, ""1001"": 1}",256
kernel_svc,valid_kernel,5,1,106,"{""0000"": 218, ""0100"": 14, ""0011"": 1, ""0001"": 13, ""0101"": 2, ""1000"": 7, ""1100"": 1}",256
kernel_svc,valid_kernel,5,2,107,"{""0000"": 195, ""0001"": 25, ""1001"": 6, ""1000"": 30}",256
kernel_svc,valid_kernel,5,3,108,"{""0000"": 235, ""0001"": 20, ""1000"": 1}",256
kernel_svc,valid_kernel,5,4,109,"{""0000"": 197, ""1000"": 22, ""0001"": 27, ""0010"": 3, ""0100"": 6, ""0101"": 1}",256
kernel_svc,valid_kernel,5,5,110,"{""0000"": 217, ""0010"": 3, ""0001"": 33, ""1000"": 3}",256
kernel_svc,valid_kernel,5,6,111,"{""0000"": 219, ""1000"": 11, ""0001"": 21, ""0100"": 4, ""1001"": 1}",256
kernel_svc,valid_kernel,5,7,112,"{""0000"": 228, ""1000"": 12, ""0001"": 16}",256
kernel_svc,valid_kernel,5,8,113,"{""0000"": 206, ""0001"": 29, ""1000"": 14, ""1001"": 5, ""0010"": 1, ""0011"": 1}",256
kernel_svc,valid_kernel,5,9,114,"{""0000"": 219, ""0001"": 30, ""0010"": 2, ""1001"": 1, ""1000"": 3, ""0100"": 1}",256
kernel_svc,valid_kernel,6,0,115,"{""0000"": 213, ""0001"": 31, ""1000"": 3, ""0010"": 5, ""0011"": 2, ""1001"": 1, ""0101"": 1}",256
kernel_svc,valid_kernel,6,1,116,"{""1000"": 9, ""0000"": 202, ""0001"": 23, ""0101"": 1, ""0100"": 13, ""1001"": 2, ""1100"": 2, ""0010"": 4}",256
kernel_svc,valid_kernel,6,2,117,"{""0000"": 174, ""1100"": 1, ""1000"": 64, ""0001"": 16, ""1010"": 1}",256
kernel_svc,valid_kernel,6,3,118,"{""0001"": 49, ""0000"": 195, ""1000"": 2, ""0100"": 1, ""0011"": 2, ""0010"": 4, ""1001"": 3}",256
kernel_svc,valid_kernel,6,4,119,"{""0000"": 214, ""1000"": 21, ""0001"": 17, ""0010"": 2, ""1001"": 1, ""0100"": 1}",256
kernel_svc,valid_kernel,6,5,120,"{""0000"": 244, ""0001"": 11, ""1000"": 1}",256
kernel_svc,valid_kernel,6,6,121,"{""1000"": 35, ""0000"": 202, ""0001"": 16, ""1001"": 1, ""1100"": 1, ""0100"": 1}",256
kernel_svc,valid_kernel,6,7,122,"{""0001"": 26, ""0000"": 223, ""0100"": 1, ""0101"": 1, ""0010"": 4, ""1000"": 1}",256
kernel_svc,valid_kernel,6,8,123,"{""0000"": 232, ""0100"": 2, ""1000"": 8, ""0001"": 11, ""0010"": 1, ""1001"": 1, ""0011"": 1}",256
kernel_svc,valid_kernel,6,9,124,"{""0000"": 240, ""0001"": 11, ""0101"": 2, ""1000"": 2, ""0010"": 1}",256
kernel_svc,valid_kernel,7,0,125,"{""0000"": 188, ""0001"": 21, ""1000"": 40, ""1001"": 5, ""0100"": 2}",256
kernel_svc,valid_kernel,7,1,126,"{""0000"": 225, ""0100"": 6, ""0001"": 16, ""1000"": 4, ""0011"": 1, ""0010"": 2, ""1001"": 1, ""0110"": 1}",256
kernel_svc,valid_kernel,7,2,127,"{""0000"": 231, ""1000"": 4, ""0001"": 18, ""0100"": 2, ""1001"": 1}",256
kernel_svc,valid_kernel,7,3,128,"{""0001"": 24, ""0000"": 206, ""1000"": 22, ""1001"": 2, ""0010"": 1, ""0100"": 1}",256
kernel_svc,valid_kernel,7,4,129,"{""0000"": 233, ""0001"": 17, ""1000"": 5, ""0100"": 1}",256
kernel_svc,valid_kernel,7,5,130,"{""0000"": 196, ""1000"": 40, ""0001"": 13, ""0100"": 3, ""1001"": 3, ""0010"": 1}",256
kernel_svc,valid_kernel,7,6,131,"{""0000"": 239, ""0001"": 17}",256
kernel_svc,valid_kernel,7,7,132,"{""0000"": 179, ""1000"": 51, ""0100"": 6, ""0001"": 16, ""1100"": 2, ""0101"": 1, ""1001"": 1}",256
kernel_svc,valid_kernel,7,8,133,"{""0000"": 169, ""1001"": 5, ""1000"": 66, ""0100"": 1, ""0001"": 13, ""1100"": 2}",256
kernel_svc,valid_kernel,7,9,134,"{""0000"": 212, ""1000"": 22, ""0001"": 16, ""1001"": 4, ""0100"": 2}",256
kernel_svc,valid_kernel,8,0,135,"{""0001"": 13, ""0000"": 232, ""1000"": 7, ""1001"": 1, ""0010"": 1, ""0100"": 2}",256
kernel_svc,valid_kernel,8,1,136,"{""0000"": 226, ""0001"": 15, ""0100"": 9, ""1000"": 5, ""0010"": 1}",256
kernel_svc,valid_kernel,8,2,137,"{""0000"": 195, ""0001"": 19, ""1000"": 37, ""0100"": 3, ""1001"": 2}",256
kernel_svc,valid_kernel,8,3,138,"{""0000"": 238, ""0001"": 17, ""1000"": 1}",256
kernel_svc,valid_kernel,8,4,139,"{""0000"": 215, ""1001"": 2, ""0001"": 17, ""1000"": 19, ""0100"": 3}",256
kernel_svc,valid_kernel,8,5,140,"{""0000"": 211, ""0010"": 4, ""0001"": 33, ""1000"": 4, ""1001"": 3, ""0011"": 1}",256
kernel_svc,valid_kernel,8,6,141,"{""0000"": 214, ""1001"": 4, ""0001"": 22, ""1000"": 12, ""0010"": 2, ""0100"": 2}",256
kernel_svc,valid_kernel,8,7,142,"{""0001"": 21, ""0000"": 219, ""1000"": 12, ""1001"": 2, ""0010"": 1, ""0100"": 1}",256
kernel_svc,valid_kernel,8,8,143,"{""0000"": 208, ""0010"": 3, ""0001"": 23, ""1000"": 19, ""0100"": 2, ""1001"": 1}",256
kernel_svc,valid_kernel,8,9,144,"{""0000"": 212, ""0001"": 35, ""1000"": 5, ""0010"": 3, ""0100"": 1}",256
kernel_svc,valid_kernel,9,0,145,"{""1000"": 30, ""0000"": 195, ""0001"": 21, ""0100"": 6, ""1001"": 3, ""0101"": 1}",256
kernel_svc,valid_kernel,9,1,146,"{""0000"": 220, ""0001"": 21, ""1000"": 8, ""0100"": 5, ""1010"": 1, ""0101"": 1}",256
kernel_svc,valid_kernel,9,2,147,"{""0000"": 239, ""0001"": 12, ""1000"": 4, ""0100"": 1}",256
kernel_svc,valid_kernel,9,3,148,"{""0000"": 222, ""0001"": 18, ""1001"": 1, ""1000"": 12, ""0100"": 1, ""0011"": 1, ""0010"": 1}",256
kernel_svc,valid_kernel,9,4,149,"{""0000"": 233, ""0001"": 20, ""1000"": 3}",256
kernel_svc,valid_kernel,9,5,150,"{""0000"": 189, ""1000"": 48, ""0001"": 13, ""1001"": 5, ""0010"": 1}",256
kernel_svc,valid_kernel,9,6,151,"{""0000"": 234, ""0001"": 19, ""1000"": 3}",256
kernel_svc,valid_kernel,9,7,152,"{""0000"": 178, ""1000"": 56, ""0001"": 14, ""1001"": 3, ""0100"": 4, ""1010"": 1}",256
kernel_svc,valid_kernel,9,8,153,"{""0000"": 178, ""1000"": 52, ""0001"": 19, ""0100"": 1, ""0010"": 1, ""1001"": 5}",256
kernel_svc,valid_kernel,9,9,154,"{""0001"": 21, ""0000"": 203, ""1000"": 27, ""1001"": 4, ""0010"": 1}",256
kernel_svc,test_kernel,0,0,155,"{""0001"": 26, ""0000"": 223, ""1000"": 7}",256
kernel_svc,test_kernel,0,1,156,"{""0000"": 225, ""0001"": 15, ""0100"": 12, ""1000"": 4}",256
kernel_svc,test_kernel,0,2,157,"{""0001"": 24, ""0000"": 203, ""0100"": 4, ""1000"": 22, ""0010"": 2, ""1001"": 1}",256
kernel_svc,test_kernel,0,3,158,"{""0000"": 239, ""0001"": 15, ""1000"": 1, ""0100"": 1}",256
kernel_svc,test_kernel,0,4,159,"{""0000"": 219, ""0011"": 1, ""0001"": 23, ""1001"": 2, ""0010"": 3, ""1000"": 6, ""0100"": 2}",256
kernel_svc,test_kernel,0,5,160,"{""0000"": 220, ""0001"": 28, ""1000"": 5, ""1001"": 1, ""0100"": 1, ""0010"": 1}",256
kernel_svc,test_kernel,0,6,161,"{""0100"": 4, ""0000"": 211, ""0001"": 27, ""0010"": 2, ""1000"": 11, ""1001"": 1}",256
kernel_svc,test_kernel,0,7,162,"{""1001"": 1, ""0000"": 222, ""0001"": 17, ""1000"": 16}",256
kernel_svc,test_kernel,0,8,163,"{""0000"": 197, ""0001"": 26, ""0100"": 1, ""1000"": 22, ""0010"": 2, ""1010"": 2, ""1001"": 5, ""0011"": 1}",256
kernel_svc,test_kernel,0,9,164,"{""0000"": 224, ""0001"": 28, ""0010"": 1, ""0100"": 1, ""1000"": 1, ""0011"": 1}",256
kernel_svc,test_kernel,1,0,165,"{""0000"": 228, ""0001"": 23, ""0100"": 1, ""1000"": 3, ""0010"": 1}",256
kernel_svc,test_kernel,1,1,166,"{""0000"": 216, ""0100"": 10, ""0001"": 24, ""0011"": 1, ""0010"": 2, ""1001"": 2, ""1000"": 1}",256
kernel_svc,test_kernel,1,2,167,"{""0000"": 203, ""1000"": 37, ""0001"": 14, ""0100"": 1, ""1100"": 1}",256
kernel_svc,test_kernel,1,3,168,"{""0000"": 226, ""0001"": 26, ""0010"": 2, ""1000"": 1, ""0011"": 1}",256
kernel_svc,test_kernel,1,4,169,"{""0000"": 224, ""0001"": 21, ""1000"": 10, ""0010"": 1}",256
kernel_svc,test_kernel,1,5,170,"{""0000"": 231, ""0001"": 17, ""1000"": 6, ""0100"": 2}",256
kernel_svc,test_kernel,1,6,171,"{""0000"": 222, ""0001"": 15, ""1001"": 1, ""1000"": 18}",256
kernel_svc,test_kernel,1,7,172,"{""0000"": 222, ""1000"": 17, ""0001"": 12, ""1010"": 1, ""0101"": 2, ""1001"": 1, ""0100"": 1}",256
kernel_svc,test_kernel,1,8,173,"{""0000"": 217, ""0001"": 13, ""1000"": 23, ""1001"": 2, ""0011"": 1}",256
kernel_svc,test_kernel,1,9,174,"{""0000"": 238, ""0001"": 11, ""1000"": 4, ""0100"": 3}",256
kernel_svc,test_kernel,2,0,175,"{""0000"": 210, ""1000"": 14, ""0001"": 26, ""0100"": 1, ""0010"": 2, ""1100"": 1, ""1011"": 1, ""1001"": 1}",256
kernel_svc,test_kernel,2,1,176,"{""0000"": 225, ""0001"": 25, ""0100"": 5, ""1000"": 1}",256
kernel_svc,test_kernel,2,2,177,"{""1000"": 13, ""0000"": 220, ""0001"": 21, ""0010"": 1, ""0100"": 1}",256
kernel_svc,test_kernel,2,3,178,"{""0000"": 222, ""0001"": 23, ""0100"": 3, ""0010"": 4, ""1000"": 4}",256
kernel_svc,test_kernel,2,4,179,"{""0000"": 232, ""0001"": 16, ""1000"": 8}",256
kernel_svc,test_kernel,2,5,180,"{""0000"": 212, ""0001"": 21, ""1010"": 1, ""1000"": 18, ""1001"": 1, ""0100"": 3}",256
kernel_svc,test_kernel,2,6,181,"{""0000"": 227, ""0001"": 18, ""1000"": 10, ""1001"": 1}",256
kernel_svc,test_kernel,2,7,182,"{""0000"": 191, ""1000"": 33, ""0001"": 21, ""0100"": 3, ""1001"": 3, ""1100"": 1, ""0101"": 1, ""0010"": 3}",256
kernel_svc,test_kernel,2,8,183,"{""0000"": 194, ""0001"": 16, ""0100"": 1, ""1000"": 40, ""1001"": 3, ""0010"": 2}",256
kernel_svc,test_kernel,2,9,184,"{""0000"": 233, ""0001"": 16, ""1000"": 6, ""0010"": 1}",256
kernel_svc,test_kernel,3,0,185,"{""0000"": 216, ""0001"": 14, ""0100"": 5, ""1000"": 12, ""0010"": 3, ""1001"": 4, ""0101"": 2}",256
kernel_svc,test_kernel,3,1,186,"{""0000"": 227, ""0001"": 20, ""0100"": 5, ""0010"": 2, ""0101"": 1, ""1000"": 1}",256
kernel_svc,test_kernel,3,2,187,"{""0000"": 236, ""0001"": 13, ""1000"": 7}",256
kernel_svc,test_kernel,3,3,188,"{""0000"": 218, ""1000"": 1, ""0001"": 37}",256
kernel_svc,test_kernel,3,4,189,"{""0000"": 241, ""0001"": 9, ""1001"": 2, ""1000"": 2, ""0010"": 1, ""0100"": 1}",256
kernel_svc,test_kernel,3,5,190,"{""0000"": 208, ""1000"": 31, ""0001"": 14, ""1001"": 1, ""0100"": 2}",256
kernel_svc,test_kernel,3,6,191,"{""0001"": 16, ""0000"": 232, ""1000"": 7, ""0010"": 1}",256
kernel_svc,test_kernel,3,7,192,"{""0000"": 201, ""0001"": 24, ""1000"": 24, ""0100"": 3, ""1001"": 3, ""1100"": 1}",256
kernel_svc,test_kernel,3,8,193,"{""0000"": 195, ""1000"": 44, ""0001"": 12, ""0010"": 1, ""1001"": 3, ""0100"": 1}",256
kernel_svc,test_kernel,3,9,194,"{""0000"": 219, ""0001"": 20, ""1000"": 16, ""0010"": 1}",256
kernel_svc,test_kernel,4,0,195,"{""0000"": 243, ""0001"": 12, ""1000"": 1}",256
kernel_svc,test_kernel,4,1,196,"{""0000"": 200, ""0100"": 20, ""0001"": 15, ""1000"": 17, ""0101"": 2, ""1100"": 1, ""1001"": 1}",256
kernel_svc,test_kernel,4,2,197,"{""0001"": 16, ""0000"": 179, ""1000"": 46, ""0100"": 3, ""1001"": 5, ""1100"": 4, ""0010"": 1, ""1010"": 1, ""0101"": 1}",256
kernel_svc,test_kernel,4,3,198,"{""0000"": 233, ""1000"": 8, ""0001"": 15}",256
kernel_svc,test_kernel,4,4,199,"{""0000"": 204, ""1000"": 26, ""0001"": 20, ""1001"": 2, ""0100"": 3, ""0010"": 1}",256
kernel_svc,test_kernel,4,5,200,"{""0001"": 27, ""0000"": 220, ""1000"": 2, ""0100"": 2, ""0010"": 3, ""0011"": 1, ""0101"": 1}",256
kernel_svc,test_kernel,4,6,201,"{""0000"": 201, ""1000"": 31, ""0100"": 6, ""1001"": 3, ""0001"": 15}",256
kernel_svc,test_kernel,4,7,202,"{""0000"": 233, ""0001"": 15, ""1000"": 5, ""0010"": 1, ""0100"": 1, ""0101"": 1}",256
kernel_svc,test_kernel,4,8,203,"{""0000"": 205, ""0001"": 34, ""1000"": 12, ""1001"": 3, ""0010"": 2}",256
kernel_svc,test_kernel,4,9,204,"{""0000"": 222, ""0001"": 32, ""0010"": 1, ""0100"": 1}",256
kernel_svc,test_kernel,5,0,205,"{""0000"": 173, ""1000"": 54, ""0001"": 19, ""1001"": 7, ""0100"": 2, ""0010"": 1}",256
kernel_svc,test_kernel,5,1,206,"{""0000"": 204, ""1000"": 19, ""0001"": 25, ""0100"": 4, ""1001"": 3, ""0010"": 1}",256
kernel_svc,test_kernel,5,2,207,"{""0000"": 236, ""0001"": 19, ""1000"": 1}",256
kernel_svc,test_kernel,5,3,208,"{""0000"": 207, ""1000"": 13, ""0001"": 26, ""0010"": 2, ""0100"": 4, ""1001"": 2, ""1100"": 1, ""0101"": 1}",256
kernel_svc,test_kernel,5,4,209,"{""0000"": 239, ""0001"": 14, ""1000"": 3}",256
kernel_svc,test_kernel,5,5,210,"{""0000"": 195, ""1001"": 5, ""1000"": 38, ""0001"": 15, ""1100"": 1, ""0100"": 1, ""0010"": 1}",256
kernel_svc,test_kernel,5,6,211,"{""0000"": 237, ""0001"": 17, ""0010"": 1, ""0100"": 1}",256
kernel_svc,test_kernel,5,7,212,"{""0000"": 165, ""0001"": 17, ""1000"": 59, ""0100"": 2, ""1100"": 3, ""1001"": 9, ""0011"": 1}",256
kernel_svc,test_kernel,5,8,213,"{""0000"": 158, ""1000"": 77, ""0001"": 12, ""0100"": 4, ""1001"": 3, ""0010"": 1, ""0101"": 1}",256
kernel_svc,test_kernel,5,9,214,"{""0001"": 18, ""0000"": 200, ""1000"": 32, ""0100"": 3, ""1001"": 3}",256
kernel_svc,test_kernel,6,0,215,"{""0000"": 238, ""0001"": 13, ""1000"": 4, ""0100"": 1}",256
kernel_svc,test_kernel,6,1,216,"{""0001"": 14, ""0000"": 219, ""0100"": 17, ""1000"": 6}",256
kernel_svc,test_kernel,6,2,217,"{""0000"": 181, ""1000"": 36, ""0001"": 27, ""0010"": 1, ""0100"": 6, ""1001"": 4, ""1010"": 1}",256
kernel_svc,test_kernel,6,3,218,"{""0000"": 234, ""0001"": 18, ""1000"": 3, ""1001"": 1}",256
kernel_svc,test_kernel,6,4,219,"{""1000"": 13, ""0000"": 214, ""0001"": 24, ""0010"": 3, ""0100"": 1, ""1001"": 1}",256
kernel_svc,test_kernel,6,5,220,"{""0000"": 221, ""1000"": 3, ""0001"": 29, ""0010"": 3}",256
kernel_svc,test_kernel,6,6,221,"{""0000"": 206, ""1000"": 23, ""0010"": 2, ""0001"": 21, ""0100"": 1, ""1001"": 3}",256
kernel_svc,test_kernel,6,7,222,"{""0000"": 233, ""1000"": 4, ""0001"": 18, ""0100"": 1}",256
kernel_svc,test_kernel,6,8,223,"{""0000"": 211, ""0001"": 29, ""0010"": 2, ""1000"": 9, ""0100"": 2, ""0101"": 1, ""1001"": 2}",256
kernel_svc,test_kernel,6,9,224,"{""0000"": 223, ""0001"": 22, ""1000"": 2, ""0010"": 7, ""1001"": 1, ""0100"": 1}",256
kernel_svc,test_kernel,7,0,225,"{""0000"": 190, ""1001"": 6, ""0100"": 2, ""1000"": 30, ""0001"": 25, ""0010"": 3}",256
kernel_svc,test_kernel,7,1,226,"{""0000"": 216, ""0010"": 2, ""0001"": 21, ""1001"": 2, ""1000"": 8, ""0100"": 7}",256
kernel_svc,test_kernel,7,2,227,"{""0000"": 231, ""0001"": 22, ""1000"": 3}",256
kernel_svc,test_kernel,7,3,228,"{""0000"": 216, ""0001"": 17, ""1001"": 4, ""1000"": 16, ""0100"": 2, ""0010"": 1}",256
kernel_svc,test_kernel,7,4,229,"{""0000"": 235, ""0001"": 16, ""0110"": 1, ""1000"": 3, ""1001"": 1}",256
kernel_svc,test_kernel,7,5,230,"{""0000"": 190, ""1000"": 47, ""0001"": 12, ""1001"": 5, ""0010"": 1, ""0100"": 1}",256
kernel_svc,test_kernel,7,6,231,"{""0000"": 242, ""0001"": 10, ""1000"": 2, ""0100"": 1, ""0010"": 1}",256
kernel_svc,test_kernel,7,7,232,"{""0000"": 176, ""1000"": 54, ""0001"": 15, ""1001"": 5, ""0100"": 5, ""1100"": 1}",256
kernel_svc,test_kernel,7,8,233,"{""0000"": 158, ""1000"": 78, ""1001"": 5, ""0001"": 12, ""1100"": 1, ""0100"": 1, ""0010"": 1}",256
kernel_svc,test_kernel,7,9,234,"{""0000"": 198, ""1000"": 35, ""0001"": 17, ""0100"": 2, ""1001"": 3, ""1100"": 1}",256
kernel_svc,test_kernel,8,0,235,"{""0000"": 217, ""1000"": 5, ""0001"": 26, ""0010"": 2, ""0100"": 5, ""1001"": 1}",256
kernel_svc,test_kernel,8,1,236,"{""0000"": 220, ""0100"": 7, ""0001"": 26, ""1000"": 2, ""0101"": 1}",256
kernel_svc,test_kernel,8,2,237,"{""1000"": 39, ""0000"": 192, ""0001"": 20, ""1101"": 1, ""1001"": 4}",256
kernel_svc,test_kernel,8,3,238,"{""0000"": 230, ""0001"": 22, ""0010"": 2, ""1000"": 2}",256
kernel_svc,test_kernel,8,4,239,"{""0000"": 227, ""0100"": 2, ""0001"": 13, ""1000"": 11, ""1001"": 2, ""0010"": 1}",256
kernel_svc,test_kernel,8,5,240,"{""0000"": 227, ""0001"": 18, ""0100"": 3, ""1000"": 7, ""1001"": 1}",256
kernel_svc,test_kernel,8,6,241,"{""0000"": 217, ""1000"": 16, ""0001"": 20, ""0100"": 1, ""1001"": 1, ""0101"": 1}",256
kernel_svc,test_kernel,8,7,242,"{""0000"": 220, ""0001"": 23, ""0010"": 5, ""1001"": 1, ""1000"": 6, ""0100"": 1}",256
kernel_svc,test_kernel,8,8,243,"{""0000"": 222, ""1000"": 19, ""0010"": 2, ""0001"": 13}",256
kernel_svc,test_kernel,8,9,244,"{""0000"": 240, ""0001"": 12, ""0101"": 1, ""1000"": 3}",256
kernel_svc,test_kernel,9,0,245,"{""0000"": 211, ""0010"": 4, ""0001"": 24, ""1000"": 11, ""1001"": 3, ""0100"": 2, ""0110"": 1}",256
kernel_svc,test_kernel,9,1,246,"{""0000"": 209, ""0100"": 12, ""1100"": 1, ""0001"": 30, ""1000"": 3, ""1001"": 1}",256
kernel_svc,test_kernel,9,2,247,"{""0000"": 198, ""1000"": 32, ""0001"": 18, ""1001"": 4, ""1100"": 1, ""0100"": 2, ""0010"": 1}",256
kernel_svc,test_kernel,9,3,248,"{""0000"": 227, ""0010"": 6, ""0001"": 19, ""0011"": 1, ""1000"": 2, ""0100"": 1}",256
kernel_svc,test_kernel,9,4,249,"{""0000"": 236, ""1000"": 9, ""0101"": 1, ""0001"": 8, ""0011"": 1, ""0010"": 1}",256
kernel_svc,test_kernel,9,5,250,"{""0000"": 221, ""1000"": 9, ""0001"": 22, ""1001"": 1, ""0010"": 1, ""0100"": 2}",256
kernel_svc,test_kernel,9,6,251,"{""0000"": 216, ""0001"": 22, ""1000"": 15, ""0011"": 1, ""0010"": 1, ""0100"": 1}",256
kernel_svc,test_kernel,9,7,252,"{""1000"": 14, ""0000"": 219, ""0001"": 19, ""0010"": 1, ""1001"": 2, ""0100"": 1}",256
kernel_svc,test_kernel,9,8,253,"{""0000"": 216, ""0001"": 15, ""1000"": 20, ""0010"": 4, ""1001"": 1}",256
kernel_svc,test_kernel,9,9,254,"{""0000"": 245, ""0001"": 9, ""0011"": 2}",256
vqc,valid_vqc,0,-1,255,"{""1000"": 43, ""0110"": 6, ""0000"": 81, ""1101"": 53, ""1011"": 10, ""0101"": 30, ""0011"": 5, ""1110"": 13, ""1001"": 4, ""0001"": 6, ""0100"": 1, ""1100"": 2, ""0010"": 2}",256
vqc,valid_vqc,1,-1,256,"{""1110"": 20, ""0101"": 82, ""0000"": 102, ""1011"": 23, ""0111"": 1, ""0001"": 6, ""1100"": 2, ""0110"": 3, ""0010"": 2, ""1101"": 7, ""1111"": 3, ""1001"": 4, ""0011"": 1}",256
vqc,valid_vqc,2,-1,257,"{""0101"": 66, ""0011"": 10, ""1011"": 16, ""0111"": 2, ""0000"": 76, ""1101"": 48, ""1111"": 1, ""0100"": 2, ""1000"": 7, ""0001"": 7, ""1110"": 15, ""0110"": 2, ""1001"": 3, ""1100"": 1}",256
vqc,valid_vqc,3,-1,258,"{""0101"": 82, ""1101"": 41, ""1010"": 1, ""0000"": 74, ""1011"": 11, ""0001"": 6, ""1110"": 18, ""1001"": 3, ""0100"": 3, ""0010"": 2, ""1111"": 1, ""0011"": 8, ""1000"": 5, ""0110"": 1}",256
vqc,valid_vqc,4,-1,259,"{""0000"": 73, ""0101"": 111, ""1011"": 29, ""1110"": 19, ""1100"": 1, ""1101"": 8, ""1001"": 3, ""1000"": 2, ""0001"": 4, ""0100"": 1, ""0011"": 4, ""1111"": 1}",256
vqc,valid_vqc,5,-1,260,"{""0000"": 124, ""0101"": 57, ""1110"": 22, ""1101"": 16, ""1000"": 4, ""0001"": 9, ""0011"": 7, ""0110"": 1, ""1001"": 1, ""1111"": 1, ""1100"": 2, ""1011"": 8, ""1010"": 2, ""0100"": 1, ""0111"": 1}",256
vqc,valid_vqc,6,-1,261,"{""0000"": 61, ""0101"": 83, ""1101"": 57, ""1011"": 18, ""0010"": 2, ""1001"": 5, ""1000"": 3, ""0001"": 3, ""1110"": 10, ""0011"": 10, ""1010"": 1, ""0100"": 2, ""1100"": 1}",256
vqc,valid_vqc,7,-1,262,"{""0101"": 96, ""0000"": 87, ""0001"": 5, ""1110"": 15, ""1011"": 23, ""1101"": 15, ""1001"": 7, ""1111"": 1, ""1010"": 3, ""1100"": 1, ""0011"": 3}",256
vqc,valid_vqc,8,-1,263,"{""0000"": 132, ""0101"": 44, ""0011"": 2, ""1011"": 13, ""1101"": 15, ""0100"": 5, ""1110"": 19, ""1000"": 11, ""0110"": 2, ""1001"": 4, ""0010"": 2, ""1010"": 1, ""1111"": 2, ""0111"": 1, ""0001"": 3}",256
vqc,valid_vqc,9,-1,264,"{""1110"": 27, ""0000"": 71, ""0101"": 104, ""1011"": 16, ""1101"": 11, ""1001"": 4, ""0001"": 6, ""1010"": 1, ""1000"": 3, ""1111"": 2, ""0011"": 3, ""0010"": 3, ""1100"": 3, ""0110"": 1, ""0100"": 1}",256
vqc,test_vqc,0,-1,265,"{""0000"": 124, ""1011"": 16, ""0101"": 47, ""0100"": 3, ""0001"": 9, ""0010"": 3, ""1110"": 18, ""1101"": 11, ""1000"": 9, ""1001"": 2, ""0110"": 3, ""0011"": 2, ""1100"": 4, ""0111"": 2, ""1010"": 1, ""1111"": 2}",256
vqc,test_vqc,1,-1,266,"{""0000"": 84, ""0011"": 10, ""0101"": 69, ""1000"": 12, ""0001"": 6, ""1110"": 14, ""1101"": 35, ""1001"": 4, ""1100"": 5, ""1011"": 12, ""1111"": 3, ""0110"": 1, ""0010"": 1}",256
vqc,test_vqc,2,-1,267,"{""1001"": 5, ""0000"": 81, ""1110"": 13, ""0101"": 85, ""0011"": 7, ""1011"": 23, ""1000"": 2, ""1101"": 27, ""0110"": 1, ""0001"": 6, ""1100"": 4, ""1010"": 2}",256
vqc,test_vqc,3,-1,268,"{""0101"": 106, ""1101"": 20, ""0000"": 73, ""1110"": 25, ""1011"": 19, ""0011"": 3, ""0111"": 1, ""1100"": 1, ""0001"": 5, ""1010"": 1, ""0010"": 1, ""1001"": 1}",256
vqc,test_vqc,4,-1,269,"{""0000"": 92, ""1000"": 40, ""1101"": 33, ""1110"": 17, ""0101"": 49, ""1011"": 8, ""1010"": 2, ""0011"": 6, ""0001"": 4, ""0110"": 3, ""0100"": 1, ""1100"": 1}",256
vqc,test_vqc,5,-1,270,"{""0000"": 80, ""0101"": 116, ""1011"": 24, ""1110"": 18, ""0011"": 1, ""0010"": 1, ""1000"": 3, ""0001"": 2, ""1101"": 6, ""0111"": 1, ""1100"": 2, ""1010"": 1, ""1001"": 1}",256
vqc,test_vqc,6,-1,271,"{""0000"": 113, ""1110"": 27, ""0101"": 56, ""1011"": 7, ""1001"": 3, ""0110"": 3, ""1010"": 2, ""1101"": 18, ""0001"": 8, ""0011"": 2, ""0100"": 1, ""1000"": 14, ""0010"": 1, ""1100"": 1}",256
vqc,test_vqc,7,-1,272,"{""1011"": 22, ""1110"": 26, ""0000"": 104, ""0101"": 78, ""1101"": 10, ""0001"": 3, ""1001"": 4, ""1000"": 1, ""0100"": 1, ""1111"": 2, ""1010"": 1, ""1100"": 2, ""0011"": 1, ""0010"": 1}",256
vqc,test_vqc,8,-1,273,"{""0101"": 73, ""1011"": 16, ""0001"": 6, ""1101"": 24, ""0000"": 83, ""1110"": 20, ""1100"": 5, ""1001"": 5, ""1000"": 10, ""0010"": 2, ""1010"": 3, ""0011"": 7, ""0110"": 1, ""0100"": 1}",256
vqc,test_vqc,9,-1,274,"{""0101"": 91, ""1101"": 33, ""0000"": 73, ""1000"": 9, ""1110"": 12, ""1011"": 12, ""0001"": 8, ""1111"": 3, ""0011"": 7, ""0110"": 2, ""1100"": 3, ""1001"": 1, ""0100"": 2}",256
