model_group,purpose,i,j,circuit_index,depth_transpiled,size_transpiled,ops_transpiled
kernel_svc,train_kernel,0,0,0,1,4,"{'measure': 4, 'barrier': 1}"
kernel_svc,train_kernel,0,1,1,5,20,"{'sx': 8, 'rz': 8, 'measure': 4, 'barrier': 1}"
kernel_svc,train_kernel,0,2,2,5,20,"{'sx': 8, 'rz': 8, 'measure': 4, 'barrier': 1}"
kernel_svc,train_kernel,0,3,3,5,20,"{'rz': 8, 'sx': 8, 'measure': 4, 'barrier': 1}"
kernel_svc,train_kernel,0,4,4,5,20,"{'sx': 8, 'rz': 8, 'measure': 4, 'barrier': 1}"
kernel_svc,train_kernel,0,5,5,5,20,"{'sx': 8, 'rz': 8, 'measure': 4, 'barrier': 1}"
kernel_svc,train_kernel,0,6,6,5,20,"{'sx': 8, 'rz': 8, 'measure': 4, 'barrier': 1}"
kernel_svc,train_kernel,0,7,7,5,20,"{'sx': 8, 'rz': 8, 'measure': 4, 'barrier': 1}"
kernel_svc,train_kernel,0,8,8,5,20,"{'sx': 8, 'rz': 8, 'measure': 4, 'barrier': 1}"
kernel_svc,train_kernel,0,9,9,5,20,"{'sx': 8, 'rz': 8, 'measure': 4, 'barrier': 1}"
kernel_svc,train_kernel,1,1,10,1,4,"{'measure': 4, 'barrier': 1}"
kernel_svc,train_kernel,1,2,11,5,20,"{'sx': 8, 'rz': 8, 'measure': 4, 'barrier': 1}"
kernel_svc,train_kernel,1,3,12,5,20,"{'rz': 8, 'sx': 8, 'measure': 4, 'barrier': 1}"
kernel_svc,train_kernel,1,4,13,5,20,"{'sx': 8, 'rz': 8, 'measure': 4, 'barrier': 1}"
kernel_svc,train_kernel,1,5,14,5,20,"{'sx': 8, 'rz': 8, 'measure': 4, 'barrier': 1}"
kernel_svc,train_kernel,1,6,15,5,20,"{'sx': 8, 'rz': 8, 'measure': 4, 'barrier': 1}"
kernel_svc,train_kernel,1,7,16,5,20,"{'rz': 8, 'sx': 8, 'measure': 4, 'barrier': 1}"
kernel_svc,train_kernel,1,8,17,5,20,"{'sx': 8, 'rz': 8, 'measure': 4, 'barrier': 1}"
kernel_svc,train_kernel,1,9,18,5,20,"{'sx': 8, 'rz': 8, 'measure': 4, 'barrier': 1}"
kernel_svc,train_kernel,2,2,19,1,4,"{'measure': 4, 'barrier': 1}"
kernel_svc,train_kernel,2,3,20,5,20,"{'rz': 8, 'sx': 8, 'measure': 4, 'barrier': 1}"
kernel_svc,train_kernel,2,4,21,5,20,"{'sx': 8, 'rz': 8, 'measure': 4, 'barrier': 1}"
kernel_svc,train_kernel,2,5,22,5,20,"{'sx': 8, 'rz': 8, 'measure': 4, 'barrier': 1}"
kernel_svc,train_kernel,2,6,23,6,21,"{'rz': 9, 'sx': 8, 'measure': 4, 'barrier': 1}"
kernel_svc,train_kernel,2,7,24,5,20,"{'rz': 8, 'sx': 8, 'measure': 4, 'barrier': 1}"
kernel_svc,train_kernel,2,8,25,5,20,"{'sx': 8, 'rz': 8, 'measure': 4, 'barrier': 1}"
kernel_svc,train_kernel,2,9,26,5,20,"{'sx': 8, 'rz': 8, 'measure': 4, 'barrier': 1}"
kernel_svc,train_kernel,3,3,27,1,4,"{'measure': 4, 'barrier': 1}"
kernel_svc,train_kernel,3,4,28,5,20,"{'sx': 8, 'rz': 8, 'measure': 4, 'barrier': 1}"
kernel_svc,train_kernel,3,5,29,5,20,"{'sx': 8, 'rz': 8, 'measure': 4, 'barrier': 1}"
kernel_svc,train_kernel,3,6,30,5,20,"{'sx': 8, 'rz': 8, 'measure': 4, 'barrier': 1}"
kernel_svc,train_kernel,3,7,31,5,20,"{'sx': 8, 'rz': 8, 'measure': 4, 'barrier': 1}"
kernel_svc,train_kernel,3,8,32,5,20,"{'sx': 8, 'rz': 8, 'measure': 4, 'barrier': 1}"
kernel_svc,train_kernel,3,9,33,5,20,"{'sx': 8, 'rz': 8, 'measure': 4, 'barrier': 1}"
kernel_svc,train_kernel,4,4,34,1,4,"{'measure': 4, 'barrier': 1}"
kernel_svc,train_kernel,4,5,35,5,20,"{'sx': 8, 'rz': 8, 'measure': 4, 'barrier': 1}"
kernel_svc,train_kernel,4,6,36,5,20,"{'rz': 8, 'sx': 8, 'measure': 4, 'barrier': 1}"
kernel_svc,train_kernel,4,7,37,5,20,"{'rz': 8, 'sx': 8, 'measure': 4, 'barrier': 1}"
kernel_svc,train_kernel,4,8,38,5,20,"{'sx': 8, 'rz': 8, 'measure': 4, 'barrier': 1}"
kernel_svc,train_kernel,4,9,39,5,20,"{'sx': 8, 'rz': 8, 'measure': 4, 'barrier': 1}"
kernel_svc,train_kernel,5,5,40,1,4,"{'measure': 4, 'barrier': 1}"
kernel_svc,train_kernel,5,6,41,5,20,"{'rz': 8, 'sx': 8, 'measure': 4, 'barrier': 1}"
kernel_svc,train_kernel,5,7,42,5,20,"{'rz': 8, 'sx': 8, 'measure': 4, 'barrier': 1}"
kernel_svc,train_kernel,5,8,43,5,20,"{'sx': 8, 'rz': 8, 'measure': 4, 'barrier': 1}"
kernel_svc,train_kernel,5,9,44,5,20,"{'rz': 8, 'sx': 8, 'measure': 4, 'barrier': 1}"
kernel_svc,train_kernel,6,6,45,1,4,"{'measure': 4, 'barrier': 1}"
kernel_svc,train_kernel,6,7,46,5,20,"{'rz': 8, 'sx': 8, 'measure': 4, 'barrier': 1}"
kernel_svc,train_kernel,6,8,47,5,20,"{'sx': 8, 'rz': 8, 'measure': 4, 'barrier': 1}"
kernel_svc,train_kernel,6,9,48,5,20,"{'sx': 8, 'rz': 8, 'measure': 4, 'barrier': 1}"
kernel_svc,train_kernel,7,7,49,1,4,"{'measure': 4, 'barrier': 1}"
kernel_svc,train_kernel,7,8,50,5,20,"{'sx': 8, 'rz': 8, 'measure': 4, 'barrier': 1}"
kernel_svc,train_kernel,7,9,51,5,20,"{'sx': 8, 'rz': 8, 'measure': 4, 'barrier': 1}"
kernel_svc,train_kernel,8,8,52,1,4,"{'measure': 4, 'barrier': 1}"
kernel_svc,train_kernel,8,9,53,5,20,"{'rz': 8, 'sx': 8, 'measure': 4, 'barrier': 1}"
kernel_svc,train_kernel,9,9,54,1,4,"{'measure': 4, 'barrier': 1}"
kernel_svc,valid_kernel,0,0,55,5,20,"{'rz': 8, 'sx': 8, 'measure': 4, 'barrier': 1}"
kernel_svc,valid_kernel,0,1,56,5,20,"{'rz': 8, 'sx': 8, 'measure': 4, 'barrier': 1}"
kernel_svc,valid_kernel,0,2,57,5,20,"{'sx': 8, 'rz': 8, 'measure': 4, 'barrier': 1}"
kernel_svc,valid_kernel,0,3,58,5,20,"{'rz': 8, 'sx': 8, 'measure': 4, 'barrier': 1}"
kernel_svc,valid_kernel,0,4,59,5,20,"{'sx': 8, 'rz': 8, 'measure': 4, 'barrier': 1}"
kernel_svc,valid_kernel,0,5,60,5,20,"{'sx': 8, 'rz': 8, 'measure': 4, 'barrier': 1}"
kernel_svc,valid_kernel,0,6,61,5,20,"{'sx': 8, 'rz': 8, 'measure': 4, 'barrier': 1}"
kernel_svc,valid_kernel,0,7,62,5,20,"{'rz': 8, 'sx': 8, 'measure': 4, 'barrier': 1}"
kernel_svc,valid_kernel,0,8,63,5,20,"{'sx': 8, 'rz': 8, 'measure': 4, 'barrier': 1}"
kernel_svc,valid_kernel,0,9,64,5,20,"{'sx': 8, 'rz': 8, 'measure': 4, 'barrier': 1}"
kernel_svc,valid_kernel,1,0,65,5,20,"{'rz': 8, 'sx': 8, 'measure': 4, 'barrier': 1}"
kernel_svc,valid_kernel,1,1,66,5,20,"{'rz': 8, 'sx': 8, 'measure': 4, 'barrier': 1}"
kernel_svc,valid_kernel,1,2,67,5,20,"{'sx': 8, 'rz': 8, 'measure': 4, 'barrier': 1}"
kernel_svc,valid_kernel,1,3,68,5,20,"{'rz': 8, 'sx': 8, 'measure': 4, 'barrier': 1}"
kernel_svc,valid_kernel,1,4,69,5,20,"{'sx': 8, 'rz': 8, 'measure': 4, 'barrier': 1}"
kernel_svc,valid_kernel,1,5,70,5,20,"{'sx': 8, 'rz': 8, 'measure': 4, 'barrier': 1}"
kernel_svc,valid_kernel,1,6,71,5,20,"{'sx': 8, 'rz': 8, 'measure': 4, 'barrier': 1}"
kernel_svc,valid_kernel,1,7,72,5,20,"{'rz': 8, 'sx': 8, 'measure': 4, 'barrier': 1}"
kernel_svc,valid_kernel,1,8,73,5,20,"{'sx': 8, 'rz': 8, 'measure': 4, 'barrier': 1}"
kernel_svc,valid_kernel,1,9,74,5,20,"{'sx': 8, 'rz': 8, 'measure': 4, 'barrier': 1}"
kernel_svc,valid_kernel,2,0,75,5,20,"{'rz': 8, 'sx': 8, 'measure': 4, 'barrier': 1}"
kernel_svc,valid_kernel,2,1,76,5,20,"{'rz': 8, 'sx': 8, 'measure': 4, 'barrier': 1}"
kernel_svc,valid_kernel,2,2,77,5,20,"{'rz': 8, 'sx': 8, 'measure': 4, 'barrier': 1}"
kernel_svc,valid_kernel,2,3,78,5,20,"{'rz': 8, 'sx': 8, 'measure': 4, 'barrier': 1}"
kernel_svc,valid_kernel,2,4,79,5,20,"{'rz': 8, 'sx': 8, 'measure': 4, 'barrier': 1}"
kernel_svc,valid_kernel,2,5,80,5,20,"{'sx': 8, 'rz': 8, 'measure': 4, 'barrier': 1}"
kernel_svc,valid_kernel,2,6,81,5,20,"{'rz': 8, 'sx': 8, 'measure': 4, 'barrier': 1}"
kernel_svc,valid_kernel,2,7,82,5,20,"{'rz': 8, 'sx': 8, 'measure': 4, 'barrier': 1}"
kernel_svc,valid_kernel,2,8,83,5,20,"{'sx': 8, 'rz': 8, 'measure': 4, 'barrier': 1}"
kernel_svc,valid_kernel,2,9,84,5,20,"{'rz': 8, 'sx': 8, 'measure': 4, 'barrier': 1}"
kernel_svc,valid_kernel,3,0,85,5,20,"{'rz': 8, 'sx': 8, 'measure': 4, 'barrier': 1}"
kernel_svc,valid_kernel,3,1,86,5,20,"{'rz': 8, 'sx': 8, 'measure': 4, 'barrier': 1}"
kernel_svc,valid_kernel,3,2,87,5,20,"{'rz': 8, 'sx': 8, 'measure': 4, 'barrier': 1}"
kernel_svc,valid_kernel,3,3,88,5,20,"{'rz': 8, 'sx': 8, 'measure': 4, 'barrier': 1}"
kernel_svc,valid_kernel,3,4,89,5,20,"{'rz': 8, 'sx': 8, 'measure': 4, 'barrier': 1}"
kernel_svc,valid_kernel,3,5,90,5,20,"{'sx': 8, 'rz': 8, 'measure': 4, 'barrier': 1}"
kernel_svc,valid_kernel,3,6,91,5,20,"{'rz': 8, 'sx': 8, 'measure': 4, 'barrier': 1}"
kernel_svc,valid_kernel,3,7,92,5,20,"{'rz': 8, 'sx': 8, 'measure': 4, 'barrier': 1}"
kernel_svc,valid_kernel,3,8,93,5,20,"{'sx': 8, 'rz': 8, 'measure': 4, 'barrier': 1}"
kernel_svc,valid_kernel,3,9,94,5,20,"{'sx': 8, 'rz': 8, 'measure': 4, 'barrier': 1}"
kernel_svc,valid_kernel,4,0,95,5,20,"{'rz': 8, 'sx': 8, 'measure': 4, 'barrier': 1}"
kernel_svc,valid_kernel,4,1,96,5,20,"{'rz': 8, 'sx': 8, 'measure': 4, 'barrier': 1}"
kernel_svc,valid_kernel,4,2,97,5,20,"{'rz': 8, 'sx': 8, 'measure': 4, 'barrier': 1}"
kernel_svc,valid_kernel,4,3,98,5,20,"{'rz': 8, 'sx': 8, 'measure': 4, 'barrier': 1}"
kernel_svc,valid_kernel,4,4,99,5,20,"{'rz': 8, 'sx': 8, 'measure': 4, 'barrier': 1}"
kernel_svc,valid_kernel,4,5,100,5,20,"{'sx': 8, 'rz': 8, 'measure': 4, 'barrier': 1}"
kernel_svc,valid_kernel,4,6,101,5,20,"{'rz': 8, 'sx': 8, 'measure': 4, 'barrier': 1}"
kernel_svc,valid_kernel,4,7,102,5,20,"{'rz': 8, 'sx': 8, 'measure': 4, 'barrier': 1}"
kernel_svc,valid_kernel,4,8,103,5,20,"{'sx': 8, 'rz': 8, 'measure': 4, 'barrier': 1}"
kernel_svc,valid_kernel,4,9,104,5,20,"{'sx': 8, 'rz': 8, 'measure': 4, 'barrier': 1}"
kernel_svc,valid_kernel,5,0,105,5,20,"{'sx': 8, 'rz': 8, 'measure': 4, 'barrier': 1}"
kernel_svc,valid_kernel,5,1,106,5,20,"{'sx': 8, 'rz': 8, 'measure': 4, 'barrier': 1}"
kernel_svc,valid_kernel,5,2,107,5,20,"{'sx': 8, 'rz': 8, 'measure': 4, 'barrier': 1}"
kernel_svc,valid_kernel,5,3,108,5,20,"{'sx': 8, 'rz': 8, 'measure': 4, 'barrier': 1}"
kernel_svc,valid_kernel,5,4,109,5,20,"{'sx': 8, 'rz': 8, 'measure': 4, 'barrier': 1}"
kernel_svc,valid_kernel,5,5,110,5,20,"{'sx': 8, 'rz': 8, 'measure': 4, 'barrier': 1}"
kernel_svc,valid_kernel,5,6,111,5,20,"{'sx': 8, 'rz': 8, 'measure': 4, 'barrier': 1}"
kernel_svc,valid_kernel,5,7,112,5,20,"{'sx': 8, 'rz': 8, 'measure': 4, 'barrier': 1}"
kernel_svc,valid_kernel,5,8,113,5,20,"{'sx': 8, 'rz': 8, 'measure': 4, 'barrier': 1}"
kernel_svc,valid_kernel,5,9,114,5,20,"{'sx': 8, 'rz': 8, 'measure': 4, 'barrier': 1}"
kernel_svc,valid_kernel,6,0,115,5,20,"{'rz': 8, 'sx': 8, 'measure': 4, 'barrier': 1}"
kernel_svc,valid_kernel,6,1,116,5,20,"{'rz': 8, 'sx': 8, 'measure': 4, 'barrier': 1}"
kernel_svc,valid_kernel,6,2,117,5,20,"{'rz': 8, 'sx': 8, 'measure': 4, 'barrier': 1}"
kernel_svc,valid_kernel,6,3,118,5,20,"{'rz': 8, 'sx': 8, 'measure': 4, 'barrier': 1}"
kernel_svc,valid_kernel,6,4,119,5,20,"{'rz': 8, 'sx': 8, 'measure': 4, 'barrier': 1}"
kernel_svc,valid_kernel,6,5,120,5,20,"{'rz': 8, 'sx': 8, 'measure': 4, 'barrier': 1}"
kernel_svc,valid_kernel,6,6,121,5,20,"{'rz': 8, 'sx': 8, 'measure': 4, 'barrier': 1}"
kernel_svc,valid_kernel,6,7,122,5,20,"{'rz': 8, 'sx': 8, 'measure': 4, 'barrier': 1}"
kernel_svc,valid_kernel,6,8,123,5,20,"{'rz': 8, 'sx': 8, 'measure': 4, 'barrier': 1}"
kernel_svc,valid_kernel,6,9,124,5,20,"{'rz': 8, 'sx': 8, 'measure': 4, 'barrier': 1}"
kernel_svc,valid_kernel,7,0,125,5,20,"{'rz': 8, 'sx': 8, 'measure': 4, 'barrier': 1}"
kernel_svc,valid_kernel,7,1,126,5,20,"{'rz': 8, 'sx': 8, 'measure': 4, 'barrier': 1}"
kernel_svc,valid_kernel,7,2,127,5,20,"{'sx': 8, 'rz': 8, 'measure': 4, 'barrier': 1}"
kernel_svc,valid_kernel,7,3,128,5,20,"{'rz': 8, 'sx': 8, 'measure': 4, 'barrier': 1}"
kernel_svc,valid_kernel,7,4,129,5,20,"{'sx': 8, 'rz': 8, 'measure': 4, 'barrier': 1}"
kernel_svc,valid_kernel,7,5,130,5,20,"{'sx': 8, 'rz': 8, 'measure': 4, 'barrier': 1}"
kernel_svc,valid_kernel,7,6,131,5,20,"{'sx': 8, 'rz': 8, 'measure': 4, 'barrier': 1}"
kernel_svc,valid_kernel,7,7,132,5,20,"{'rz': 8, 'sx': 8, 'measure': 4, 'barrier': 1}"
kernel_svc,valid_kernel,7,8,133,5,20,"{'sx': 8, 'rz': 8, 'measure': 4, 'barrier': 1}"
kernel_svc,valid_kernel,7,9,134,5,20,"{'sx': 8, 'rz': 8, 'measure': 4, 'barrier': 1}"
kernel_svc,valid_kernel,8,0,135,5,20,"{'sx': 8, 'rz': 8, 'measure': 4, 'barrier': 1}"
kernel_svc,valid_kernel,8,1,136,5,20,"{'sx': 8, 'rz': 8, 'measure': 4, 'barrier': 1}"
kernel_svc,valid_kernel,8,2,137,5,20,"{'sx': 8, 'rz': 8, 'measure': 4, 'barrier': 1}"
kernel_svc,valid_kernel,8,3,138,5,20,"{'sx': 8, 'rz': 8, 'measure': 4, 'barrier': 1}"
kernel_svc,valid_kernel,8,4,139,5,20,"{'sx': 8, 'rz': 8, 'measure': 4, 'barrier': 1}"
kernel_svc,valid_kernel,8,5,140,5,20,"{'sx': 8, 'rz': 8, 'measure': 4, 'barrier': 1}"
kernel_svc,valid_kernel,8,6,141,5,20,"{'sx': 8, 'rz': 8, 'measure': 4, 'barrier': 1}"
kernel_svc,valid_kernel,8,7,142,5,20,"{'sx': 8, 'rz': 8, 'measure': 4, 'barrier': 1}"
kernel_svc,valid_kernel,8,8,143,5,20,"{'sx': 8, 'rz': 8, 'measure': 4, 'barrier': 1}"
kernel_svc,valid_kernel,8,9,144,5,20,"{'sx': 8, 'rz': 8, 'measure': 4, 'barrier': 1}"
kernel_svc,valid_kernel,9,0,145,5,20,"{'rz': 8, 'sx': 8, 'measure': 4, 'barrier': 1}"
kernel_svc,valid_kernel,9,1,146,5,20,"{'rz': 8, 'sx': 8, 'measure': 4, 'barrier': 1}"
kernel_svc,valid_kernel,9,2,147,5,20,"{'rz': 8, 'sx': 8, 'measure': 4, 'barrier': 1}"
kernel_svc,valid_kernel,9,3,148,5,20,"{'rz': 8, 'sx': 8, 'measure': 4, 'barrier': 1}"
kernel_svc,valid_kernel,9,4,149,5,20,"{'rz': 8, 'sx': 8, 'measure': 4, 'barrier': 1}"
kernel_svc,valid_kernel,9,5,150,5,20,"{'sx': 8, 'rz': 8, 'measure': 4, 'barrier': 1}"
kernel_svc,valid_kernel,9,6,151,5,20,"{'rz': 8, 'sx': 8, 'measure': 4, 'barrier': 1}"
kernel_svc,valid_kernel,9,7,152,5,20,"{'rz': 8, 'sx': 8, 'measure': 4, 'barrier': 1}"
kernel_svc,valid_kernel,9,8,153,5,20,"{'sx': 8, 'rz': 8, 'measure': 4, 'barrier': 1}"
kernel_svc,valid_kernel,9,9,154,5,20,"{'sx': 8, 'rz': 8, 'measure': 4, 'barrier': 1}"
kernel_svc,test_kernel,0,0,155,5,20,"{'sx': 8, 'rz': 8, 'measure': 4, 'barrier': 1}"
kernel_svc,test_kernel,0,1,156,5,20,"{'sx': 8, 'rz': 8, 'measure': 4, 'barrier': 1}"
kernel_svc,test_kernel,0,2,157,5,20,"{'sx': 8, 'rz': 8, 'measure': 4, 'barrier': 1}"
kernel_svc,test_kernel,0,3,158,5,20,"{'sx': 8, 'rz': 8, 'measure': 4, 'barrier': 1}"
kernel_svc,test_kernel,0,4,159,5,20,"{'sx': 8, 'rz': 8, 'measure': 4, 'barrier': 1}"
kernel_svc,test_kernel,0,5,160,5,20,"{'sx': 8, 'rz': 8, 'measure': 4, 'barrier': 1}"
kernel_svc,test_kernel,0,6,161,5,20,"{'sx': 8, 'rz': 8, 'measure': 4, 'barrier': 1}"
kernel_svc,test_kernel,0,7,162,5,20,"{'sx': 8, 'rz': 8, 'measure': 4, 'barrier': 1}"
kernel_svc,test_kernel,0,8,163,5,20,"{'sx': 8, 'rz': 8, 'measure': 4, 'barrier': 1}"
kernel_svc,test_kernel,0,9,164,5,20,"{'sx': 8, 'rz': 8, 'measure': 4, 'barrier': 1}"
kernel_svc,test_kernel,1,0,165,5,20,"{'rz': 8, 'sx': 8, 'measure': 4, 'barrier': 1}"
kernel_svc,test_kernel,1,1,166,5,20,"{'rz': 8, 'sx': 8, 'measure': 4, 'barrier': 1}"
kernel_svc,test_kernel,1,2,167,5,20,"{'rz': 8, 'sx': 8, 'measure': 4, 'barrier': 1}"
kernel_svc,test_kernel,1,3,168,5,20,"{'rz': 8, 'sx': 8, 'measure': 4, 'barrier': 1}"
kernel_svc,test_kernel,1,4,169,5,20,"{'rz': 8, 'sx': 8, 'measure': 4, 'barrier': 1}"
kernel_svc,test_kernel,1,5,170,5,20,"{'sx': 8, 'rz': 8, 'measure': 4, 'barrier': 1}"
kernel_svc,test_kernel,1,6,171,5,20,"{'rz': 8, 'sx': 8, 'measure': 4, 'barrier': 1}"
kernel_svc,test_kernel,1,7,172,5,20,"{'rz': 8, 'sx': 8, 'measure': 4, 'barrier': 1}"
kernel_svc,test_kernel,1,8,173,5,20,"{'sx': 8, 'rz': 8, 'measure': 4, 'barrier': 1}"
kernel_svc,test_kernel,1,9,174,5,20,"{'sx': 8, 'rz': 8, 'measure': 4, 'barrier': 1}"
kernel_svc,test_kernel,2,0,175,5,20,"{'rz': 8, 'sx': 8, 'measure': 4, 'barrier': 1}"
kernel_svc,test_kernel,2,1,176,5,20,"{'rz': 8, 'sx': 8, 'measure': 4, 'barrier': 1}"
kernel_svc,test_kernel,2,2,177,5,20,"{'rz': 8, 'sx': 8, 'measure': 4, 'barrier': 1}"
kernel_svc,test_kernel,2,3,178,5,20,"{'rz': 8, 'sx': 8, 'measure': 4, 'barrier': 1}"
kernel_svc,test_kernel,2,4,179,5,20,"{'rz': 8, 'sx': 8, 'measure': 4, 'barrier': 1}"
kernel_svc,test_kernel,2,5,180,5,20,"{'rz': 8, 'sx': 8, 'measure': 4, 'barrier': 1}"
kernel_svc,test_kernel,2,6,181,5,20,"{'rz': 8, 'sx': 8, 'measure': 4, 'barrier': 1}"
kernel_svc,test_kernel,2,7,182,5,20,"{'rz': 8, 'sx': 8, 'measure': 4, 'barrier': 1}"
kernel_svc,test_kernel,2,8,183,5,20,"{'sx': 8, 'rz': 8, 'measure': 4, 'barrier': 1}"
kernel_svc,test_kernel,2,9,184,5,20,"{'rz': 8, 'sx': 8, 'measure': 4, 'barrier': 1}"
kernel_svc,test_kernel,3,0,185,5,20,"{'rz': 8, 'sx': 8, 'measure': 4, 'barrier': 1}"
kernel_svc,test_kernel,3,1,186,5,20,"{'rz': 8, 'sx': 8, 'measure': 4, 'barrier': 1}"
kernel_svc,test_kernel,3,2,187,5,20,"{'rz': 8, 'sx': 8, 'measure': 4, 'barrier': 1}"
kernel_svc,test_kernel,3,3,188,5,20,"{'rz': 8, 'sx': 8, 'measure': 4, 'barrier': 1}"
kernel_svc,test_kernel,3,4,189,5,20,"{'rz': 8, 'sx': 8, 'measure': 4, 'barrier': 1}"
kernel_svc,test_kernel,3,5,190,5,20,"{'sx': 8, 'rz': 8, 'measure': 4, 'barrier': 1}"
kernel_svc,test_kernel,3,6,191,5,20,"{'rz': 8, 'sx': 8, 'measure': 4, 'barrier': 1}"
kernel_svc,test_kernel,3,7,192,5,20,"{'rz': 8, 'sx': 8, 'measure': 4, 'barrier': 1}"
kernel_svc,test_kernel,3,8,193,5,20,"{'sx': 8, 'rz': 8, 'measure': 4, 'barrier': 1}"
kernel_svc,test_kernel,3,9,194,5,20,"{'sx': 8, 'rz': 8, 'measure': 4, 'barrier': 1}"
kernel_svc,test_kernel,4,0,195,5,20,"{'rz': 8, 'sx': 8, 'measure': 4, 'barrier': 1}"
kernel_svc,test_kernel,4,1,196,5,20,"{'sx': 8, 'rz': 8, 'measure': 4, 'barrier': 1}"
kernel_svc,test_kernel,4,2,197,5,20,"{'sx': 8, 'rz': 8, 'measure': 4, 'barrier': 1}"
kernel_svc,test_kernel,4,3,198,5,20,"{'rz': 8, 'sx': 8, 'measure': 4, 'barrier': 1}"
kernel_svc,test_kernel,4,4,199,5,20,"{'sx': 8, 'rz': 8, 'measure': 4, 'barrier': 1}"
kernel_svc,test_kernel,4,5,200,5,20,"{'sx': 8, 'rz': 8, 'measure': 4, 'barrier': 1}"
kernel_svc,test_kernel,4,6,201,5,20,"{'sx': 8, 'rz': 8, 'measure': 4, 'barrier': 1}"
kernel_svc,test_kernel,4,7,202,5,20,"{'sx': 8, 'rz': 8, 'measure': 4, 'barrier': 1}"
kernel_svc,test_kernel,4,8,203,5,20,"{'sx': 8, 'rz': 8, 'measure': 4, 'barrier': 1}"
kernel_svc,test_kernel,4,9,204,5,20,"{'sx': 8, 'rz': 8, 'measure': 4, 'barrier': 1}"
kernel_svc,test_kernel,5,0,205,5,20,"{'rz': 8, 'sx': 8, 'measure': 4, 'barrier': 1}"
kernel_svc,test_kernel,5,1,206,5,20,"{'rz': 8, 'sx': 8, 'measure': 4, 'barrier': 1}"
kernel_svc,test_kernel,5,2,207,5,20,"{'rz': 8, 'sx': 8, 'measure': 4, 'barrier': 1}"
kernel_svc,test_kernel,5,3,208,5,20,"{'rz': 8, 'sx': 8, 'measure': 4, 'barrier': 1}"
kernel_svc,test_kernel,5,4,209,5,20,"{'rz': 8, 'sx': 8, 'measure': 4, 'barrier': 1}"
kernel_svc,test_kernel,5,5,210,5,20,"{'sx': 8, 'rz': 8, 'measure': 4, 'barrier': 1}"
kernel_svc,test_kernel,5,6,211,5,20,"{'rz': 8, 'sx': 8, 'measure': 4, 'barrier': 1}"
kernel_svc,test_kernel,5,7,212,5,20,"{'rz': 8, 'sx': 8, 'measure': 4, 'barrier': 1}"
kernel_svc,test_kernel,5,8,213,5,20,"{'sx': 8, 'rz': 8, 'measure': 4, 'barrier': 1}"
kernel_svc,test_kernel,5,9,214,5,20,"{'sx': 8, 'rz': 8, 'measure': 4, 'barrier': 1}"
kernel_svc,test_kernel,6,0,215,5,20,"{'sx': 8, 'rz': 8, 'measure': 4, 'barrier': 1}"
kernel_svc,test_kernel,6,1,216,5,20,"{'sx': 8, 'rz': 8, 'measure': 4, 'barrier': 1}"
kernel_svc,test_kernel,6,2,217,5,20,"{'sx': 8, 'rz': 8, 'measure': 4, 'barrier': 1}"
kernel_svc,test_kernel,6,3,218,5,20,"{'rz': 8, 'sx': 8, 'measure': 4, 'barrier': 1}"
kernel_svc,test_kernel,6,4,219,5,20,"{'sx': 8, 'rz': 8, 'measure': 4, 'barrier': 1}"
kernel_svc,test_kernel,6,5,220,5,20,"{'sx': 8, 'rz': 8, 'measure': 4, 'barrier': 1}"
kernel_svc,test_kernel,6,6,221,5,20,"{'sx': 8, 'rz': 8, 'measure': 4, 'barrier': 1}"
kernel_svc,test_kernel,6,7,222,5,20,"{'sx': 8, 'rz': 8, 'measure': 4, 'barrier': 1}"
kernel_svc,test_kernel,6,8,223,5,20,"{'sx': 8, 'rz': 8, 'measure': 4, 'barrier': 1}"
kernel_svc,test_kernel,6,9,224,5,20,"{'sx': 8, 'rz': 8, 'measure': 4, 'barrier': 1}"
kernel_svc,test_kernel,7,0,225,5,20,"{'rz': 8, 'sx': 8, 'measure': 4, 'barrier': 1}"
kernel_svc,test_kernel,7,1,226,5,20,"{'rz': 8, 'sx': 8, 'measure': 4, 'barrier': 1}"
kernel_svc,test_kernel,7,2,227,5,20,"{'sx': 8, 'rz': 8, 'measure': 4, 'barrier': 1}"
kernel_svc,test_kernel,7,3,228,5,20,"{'rz': 8, 'sx': 8, 'measure': 4, 'barrier': 1}"
kernel_svc,test_kernel,7,4,229,5,20,"{'sx': 8, 'rz': 8, 'measure': 4, 'barrier': 1}"
kernel_svc,test_kernel,7,5,230,5,20,"{'sx': 8, 'rz': 8, 'measure': 4, 'barrier': 1}"
kernel_svc,test_kernel,7,6,231,5,20,"{'sx': 8, 'rz': 8, 'measure': 4, 'barrier': 1}"
kernel_svc,test_kernel,7,7,232,5,20,"{'rz': 8, 'sx': 8, 'measure': 4, 'barrier': 1}"
kernel_svc,test_kernel,7,8,233,5,20,"{'sx': 8, 'rz': 8, 'measure': 4, 'barrier': 1}"
kernel_svc,test_kernel,7,9,234,5,20,"{'sx': 8, 'rz': 8, 'measure': 4, 'barrier': 1}"
kernel_svc,test_kernel,8,0,235,5,20,"{'rz': 8, 'sx': 8, 'measure': 4, 'barrier': 1}"
kernel_svc,test_kernel,8,1,236,5,20,"{'rz': 8, 'sx': 8, 'measure': 4, 'barrier': 1}"
kernel_svc,test_kernel,8,2,237,5,20,"{'rz': 8, 'sx': 8, 'measure': 4, 'barrier': 1}"
kernel_svc,test_kernel,8,3,238,5,20,"{'rz': 8, 'sx': 8, 'measure': 4, 'barrier': 1}"
kernel_svc,test_kernel,8,4,239,5,20,"{'rz': 8, 'sx': 8, 'measure': 4, 'barrier': 1}"
kernel_svc,test_kernel,8,5,240,5,20,"{'sx': 8, 'rz': 8, 'measure': 4, 'barrier': 1}"
kernel_svc,test_kernel,8,6,241,5,20,"{'rz': 8, 'sx': 8, 'measure': 4, 'barrier': 1}"
kernel_svc,test_kernel,8,7,242,5,20,"{'rz': 8, 'sx': 8, 'measure': 4, 'barrier': 1}"
kernel_svc,test_kernel,8,8,243,5,20,"{'sx': 8, 'rz': 8, 'measure': 4, 'barrier': 1}"
kernel_svc,test_kernel,8,9,244,5,20,"{'sx': 8, 'rz': 8, 'measure': 4, 'barrier': 1}"
kernel_svc,test_kernel,9,0,245,5,20,"{'rz': 8, 'sx': 8, 'measure': 4, 'barrier': 1}"
kernel_svc,test_kernel,9,1,246,5,20,"{'rz': 8, 'sx': 8, 'measure': 4, 'barrier': 1}"
kernel_svc,test_kernel,9,2,247,5,20,"{'rz': 8, 'sx': 8, 'measure': 4, 'barrier': 1}"
kernel_svc,test_kernel,9,3,248,5,20,"{'rz': 8, 'sx': 8, 'measure': 4, 'barrier': 1}"
kernel_svc,test_kernel,9,4,249,5,20,"{'rz': 8, 'sx': 8, 'measure': 4, 'barrier': 1}"
kernel_svc,test_kernel,9,5,250,5,20,"{'sx': 8, 'rz': 8, 'measure': 4, 'barrier': 1}"
kernel_svc,test_kernel,9,6,251,5,20,"{'rz': 8, 'sx': 8, 'measure': 4, 'barrier': 1}"
kernel_svc,test_kernel,9,7,252,5,20,"{'rz': 8, 'sx': 8, 'measure': 4, 'barrier': 1}"
kernel_svc,test_kernel,9,8,253,5,20,"{'sx': 8, 'rz': 8, 'measure': 4, 'barrier': 1}"
kernel_svc,test_kernel,9,9,254,5,20,"{'sx': 8, 'rz': 8, 'measure': 4, 'barrier': 1}"
vqc,valid_vqc,0,-1,255,28,63,"{'rz': 32, 'sx': 21, 'cz': 6, 'measure': 4, 'barrier': 1}"
vqc,valid_vqc,1,-1,256,28,63,"{'rz': 32, 'sx': 21, 'cz': 6, 'measure': 4, 'barrier': 1}"
vqc,valid_vqc,2,-1,257,28,63,"{'rz': 32, 'sx': 21, 'cz': 6, 'measure': 4, 'barrier': 1}"
vqc,valid_vqc,3,-1,258,28,63,"{'rz': 32, 'sx': 21, 'cz': 6, 'measure': 4, 'barrier': 1}"
vqc,valid_vqc,4,-1,259,28,63,"{'rz': 32, 'sx': 21, 'cz': 6, 'measure': 4, 'barrier': 1}"
vqc,valid_vqc,5,-1,260,28,63,"{'rz': 32, 'sx': 21, 'cz': 6, 'measure': 4, 'barrier': 1}"
vqc,valid_vqc,6,-1,261,28,63,"{'rz': 32, 'sx': 21, 'cz': 6, 'measure': 4, 'barrier': 1}"
vqc,valid_vqc,7,-1,262,28,63,"{'rz': 32, 'sx': 21, 'cz': 6, 'measure': 4, 'barrier': 1}"
vqc,valid_vqc,8,-1,263,28,63,"{'rz': 32, 'sx': 21, 'cz': 6, 'measure': 4, 'barrier': 1}"
vqc,valid_vqc,9,-1,264,28,63,"{'rz': 32, 'sx': 21, 'cz': 6, 'measure': 4, 'barrier': 1}"
vqc,test_vqc,0,-1,265,28,63,"{'rz': 32, 'sx': 21, 'cz': 6, 'measure': 4, 'barrier': 1}"
vqc,test_vqc,1,-1,266,28,63,"{'rz': 32, 'sx': 21, 'cz': 6, 'measure': 4, 'barrier': 1}"
vqc,test_vqc,2,-1,267,28,63,"{'rz': 32, 'sx': 21, 'cz': 6, 'measure': 4, 'barrier': 1}"
vqc,test_vqc,3,-1,268,28,63,"{'rz': 32, 'sx': 21, 'cz': 6, 'measure': 4, 'barrier': 1}"
vqc,test_vqc,4,-1,269,28,63,"{'rz': 32, 'sx': 21, 'cz': 6, 'measure': 4, 'barrier': 1}"
vqc,test_vqc,5,-1,270,28,63,"{'rz': 32, 'sx': 21, 'cz': 6, 'measure': 4, 'barrier': 1}"
vqc,test_vqc,6,-1,271,28,63,"{'rz': 32, 'sx': 21, 'cz': 6, 'measure': 4, 'barrier': 1}"
vqc,test_vqc,7,-1,272,28,63,"{'rz': 32, 'sx': 21, 'cz': 6, 'measure': 4, 'barrier': 1}"
vqc,test_vqc,8,-1,273,28,63,"{'rz': 32, 'sx': 21, 'cz': 6, 'measure': 4, 'barrier': 1}"
vqc,test_vqc,9,-1,274,28,63,"{'rz': 32, 'sx': 21, 'cz': 6, 'measure': 4, 'barrier': 1}"
